,Input,Prediction,Actual
0,sikhaaega,सिखायगा,सिखाएगा
1,learn,लियर्न,लर्न
2,twitters,ट्विटर्स,ट्विटर्स
3,tirunelveli,तिरुनेलवेली,तिरुनेलवेली
4,independence,इंडेपेंडेंस,इंडिपेंडेंस
5,speshiyon,स्पेशियों,स्पेशियों
6,shurooh,शुरूह,शुरूः
7,kolhapur,कोल्हापुर,कोल्हापुर
8,ajhar,अझर,अजहर
9,karaar,करार,क़रार
10,anka,अंका,अंक
11,wpd,वीपीडी,डब्ल्यूपीडी
12,haashie,हाशी,हाशिए
13,glendale,ग्लेंडले,ग्लेंडल
14,udhed,उधेड,उधेड़
15,ekthi,एकथी,इकठ्ठी
16,idea,आईडीईआई,आईडिया
17,ambikapur,अम्बिकापुर,अम्बिकापुर
18,makerere,मकेरेरे,माकेरेरे
19,saboodaane,सबूदाने,साबूदाने
20,foohadta,फूहाड़ता,फूहड़ता
21,sequent,सिक्वेन्ट,सेक्वेंट
22,shueb,शुब,शुऐब
23,panihati,पनिहाती,पानीहाटी
24,sametati,समेटती,समेटती
25,ukhrul,उखरुल,उखरुल
26,brahmlin,ब्रहह्मिन,ब्रह्मलीन
27,utaraadhikaaree,उतराधिकारी,उतराधिकारी
28,iqbal,इक्बाल,इक़बाल
29,dayaalapuraa,दयालपुरा,दयालपुरा
30,sohrai,सोहराई,सोहराई
31,takreeban,तकरीबन,तक़रीबन
32,farrukhnagar,फर्रुखनगर,फर्रूखनगर
33,theinga,थेंगा,ठेंगा
34,tyoiharon,त्योहारों,त्यौहारों
35,karneshvardhaam,कर्णेश्वर्धम,कर्णेश्वरधाम
36,umanath,उमानाथ,उमानाथ
37,daanshil,दांशील,दानशील
38,saahityotsav,साहित्योत्सव,साहित्योत्सव
39,shantiniketan,शांतिनिकेतन,शांतिनिकेतन
40,shikayatkarta,शिकायतकर्ता,शिकायतकर्ता
41,andarkhane,अंदरखने,अंदरखाने
42,panter,पांटर,पंटर
43,leedaron,लीडरों,लीडरों
44,galgand,गलगंड,गलगंड
45,kaarniyaan,कारनियाँ,कार्नियां
46,murgipaalan,मुरगीपालन,मुर्गीपालन
47,mushahid,मुशाहिद,मुशाहिद
48,modules,मॉड्युल्स,मॉड्यूल्स
49,rajouri,राजौरी,रजौरी
50,sushrushaa,सुश्रुषा,सुश्रुषा
51,shringaar,श्रृंगार,शृंगार
52,holt,होल्ट,होल्ट
53,laigikata,लागिकता,लैंगिकता
54,ijaajat,इजाजत,इजाजत
55,vankshetra,वनक्षेत्र,वनक्षेत्र
56,bhutal,भुतल,भूतल
57,swaadpremiyon,स्वाद्प्रिमें,स्वादप्रेमियों
58,nineteez,निनीतेज,नाइनटीज
59,frektar,फ्रेक्टर,फ्रेक्टर
60,likhkar,लिखकर,लिखकर
61,eyarkandeeshnar,ययरक्नादीश्र,एयरकंडीशनर
62,nabz,नब्ज,नब्ज़
63,quess,क्येस,कुएस
64,bouni,बोनी,बौनी
65,kaaragujaariyaan,कारगुजजारियां,कारगुजारियां
66,gaangnam,गाँगनाम,गांगनाम
67,tapia,टपिया,तापीया
68,tezpur,तेजपुर,तेज़पुर
69,talve,तलवे,तलवे
70,seemaai,सीमाई,सीमाई
71,darshnaarthi,दर्शनार्थी,दर्शनार्थी
72,rivas,रिवास,रिवास
73,tarkvaad,तरक्वाद,तर्कवाद
74,anusaarakaa,अनुसारका,अनुसारका
75,coachella,कोचेला,कोचेला
76,latakakar,लटकाकर,लटककर
77,patravaliyan,पत्रवलियां,पत्रावलियां
78,parishad,परिषद,परिषद
79,spinj,स्पिंज,स्पिन्ज
80,anshida,अंशिदा,अनशिदा
81,dejesus,डेजसस,डिजीसस
82,saraaymohiuddinpur,सरायमोहिम्डोनीुर,सरायमोहिउद्दीनपुर
83,lowell,लोवेल,लॉवेल
84,capacitor,कैपिसिटर,कैपेसिटर
85,passengerjind,पैसेनजर्जिंड,पैसेंजरजींद
86,granthiyon,ग्रंथियों,ग्रंथियों
87,buena,बुएना,बुएना
88,canterbury,कैंटरब्यी,कैंटरबरी
89,kaathiyavadi,काठियावाडी,काठियावड़ी
90,tekchandani,टेकचन्दानी,टेकचंदानी
91,fisad,फिसाद,फ़ीसद
92,beraharamee,बेरहरमी,बेरहरमी
93,nishkarshah,निष्कर्षह,निष्कर्षः
94,activities,एक्टिवाइटीज,ऐक्टिविटीज
95,rikailleebreshan,रिकिलेअर्शशन,रिकैलीब्रेशन
96,shasanadhikaariyon,शासनाधिकारियों,शासनाधिकारियों
97,fijoolkharchi,फिजूलकर्थी,फिजूलखर्ची
98,dablyoopeedee,डाबलियोपीडी,डब्ल्यूपीडी
99,pace,पेस,पेस
100,dastar,दस्तार,दस्तार
101,catlin,कैटलिन,कैटलिन
102,joddta,जोड्डा,जोड़ता
103,killat,किल्लट,किल्लत
104,gruhnagar,ग्रहनगर,गृहनगर
105,wonder,वोंडर,वंडर
106,vatar,वतर,वाटर
107,shving,श्विंग,श्विंग
108,pashtun,पाष्टुन,पश्तून
109,farm,फार्म,फार्म
110,dibanu,दीबानु,डिबनू
111,pashchamee,पश्चमी,पश्चमी
112,uthapatak,उठपत्क,उठापटक
113,nilaabh,नीलाभ,नीलाभ
114,laxmeeniyaan,लक्समीनियां,लक्ष्मीनियां
115,mahaanagarawaasiyon,महानगराावाियों,महानगरवासियों
116,upneta,उपनेटा,उपनेता
117,convention,कन्वेनशन,कन्वेंशन
118,sharp,शार्प,शाॅर्प
119,kaaryayojana,कार्ययोजना,कार्ययोजना
120,maas,मास,मास
121,westing,वेस्टिंग,वेस्टिंग
122,kurvetee,कुरवेती,कुर्वेती
123,jyaada,ज्यादा,ज़यादा
124,mukeshvari,मुकेश्वरी,मुकेश्वरी
125,shrimati,श्रीमति,श्रीमति
126,vivekadhikaron,विवेकाधिकारों,विवेकाधिकारों
127,loksabhavalee,लोकसभवाली,लोकसभावाली
128,kabahaa,कबहा,कबहा
129,bhraantiyon,भ्रांतियों,भ्रांतियों
130,vivekahin,विवेकहहीन,विवेकहीन
131,balmiki,बालमिकी,बाल्मीकि
132,haryana,हरयाना,हरयाणा
133,jivraj,जिवराज,जीवराज
134,flynn,फ्लिन,फ्लिन
135,rana,राना,राणा
136,vishnupura,विष्णुुपरा,विष्णुपुरा
137,ghotaalebaajon,घोटालेबाजों,घोटालेबाजों
138,hairatangenz,हैरातेंगेज,हैरतअंगेज़
139,takaleephadeh,टकलीपढेह,तकलीफ़देह
140,peepaadh,पीपाढ़,पीपाड़
141,dhabhaashaaraa,धभाशारा,धभाशारा
142,antdiyan,अंतदियां,अंतडियां
143,robin,रोबिन,राबिन
144,singar,सिंगार,सिंगार
145,gumshudagi,गुमशुदगी,गुमशुदगी
146,balkrishna,बालकृष्णा,बालकृष्ण
147,phabti,फैबटी,फब्ती
148,palatne,पलटने,पलटने
149,lahlahaati,लहलहाती,लहलहाती
150,nagaada,नागाड़ा,नगाड़ा
151,udanen,उदनें,उड़ानें
152,klein,क्लेन,क्लेन
153,juloos,जुलूस,जूलूस
154,karyabhar,कार्यभार,कार्यभार
155,manto,मान्तो,मंटो
156,paimaish,पैमेश,पैमाइश
157,covina,कोविना,कोविना
158,penshan,पेंशान,पेंषन
159,ogastaavestalaind,ओग्स्तावेतलांंड,ऑगस्टावेस्टलैंड
160,centreeng,सेंट्रिंग,सैंट्रींग
161,activa,एक्टिवा,ऐक्टिवा
162,barker,बार्कर,बार्कर
163,valkan,वालकान,वल्कन
164,vruton,व्रुतों,वृत्तों
165,kabaddi,कबड़्दी,कबड्डी
166,raunakh,रौनाख,रौनक़
167,caitlyn,केटलिन,कैटलिन
168,phoos,फूस,फूस
169,jangadnaa,जंगड़ाना,जनगणना
170,upakhyaanon,उपख्यानों,उपाख्यानों
171,sundram,सुंद्रम,सुंदरम
172,cochin,कोचिन,कोचीन
173,neko,नेको,नेको
174,kaushal,कौशल,कौशल
175,phaliya,फलिया,फालिया
176,acevedo,एसीवेडो,एस्वेडो
177,kottayam,कोत्तायम,कोट्टयम
178,dilaaega,दिलााग़ा,दिलाएगा
179,kurvi,कुरवी,कर्वी
180,saunpengi,सौंपेंगी,सौंपेंगी
181,lekhan,लेखन,लेख़न
182,gudepu,गुड़ेपू,गुडेपु
183,pharase,फरसे,फरसे
184,nubiya,नुबिया,नूबिया
185,taja,ताजा,ताजा
186,aantrit,आंत्रित,आंत्रित
187,qazi,काज़ी,काजी
188,murgipalan,मुरगगीपालन,मुर्गीपालन
189,eddy,इडी,एड्डी
190,nagine,नागीने,नगीने
191,subha,सुभा,सुब्हा
192,luis,ल्यूस,लुइस
193,vijayapuram,विजयपुरम,विजयापुरम
194,bataao,बताओ,बताअाे
195,ochoa,ओचोआ,ओकोआ
196,science,साइंस,साइंस
197,sarkarein,सरकरें,सरकारें
198,bremerton,ब्रेमर्टन,ब्रेमटन
199,gurupado,गुरूपदो,गुरुपदो
200,sanyukt,संयुक्त,संयुक्त
201,raalod,रालोद,रालोद
202,baadhaon,बाढाओं,बाधाओं
203,gaumutra,गौमुत्र,गौमूत्र
204,sabhaen,सभाएं,सभाएं
205,tani,तानी,तनी
206,delhi,देलही,दिल्ली
207,suken,सुकेन,सुजेन
208,vineet,विनीत,विनीत
209,chimate,चिमाटे,चिमाते
210,kikiyana,किकियाना,किकियाना
211,rocket,रॉकेट,रकेट
212,maxwell,मैक्सवेल,मैक्सवेल
213,hippo,हिप्पो,हिप्पो
214,deepan,दीपान,दीपन
215,arymaa,अरियमा,अर्यमा
216,bhulata,भुलता,भूलता
217,karmaacharee,कर्माचरी,कर्माचारी
218,durgapur,दुर्गापुर,दुर्गापुर
219,tribhaashaa,त्रिभाषा,त्रिभाषा
220,soodkhoron,सुदखोरों,सूदखोरों
221,prastaavon,प्रस्तावों,प्रस्तावों
222,survin,सरविन,सुरवीन
223,prapti,प्राप्ति,प्राप्ती
224,girivaasiyon,गिरिवासियों,गिरिवासियों
225,siducing,साइडसिंग,सिडयूसिंग
226,welwet,वेलवेट,वेलवेट
227,muqarrar,मुकरारा,मुक़र्रर
228,baxter,बैक्सटर,बैक्सटर
229,denier,डिनायर,डेनिअर
230,cw,सीआईवी,सीडब्ल्यू
231,uthani,उठानी,उठनी
232,ghasi,घासी,घासी
233,ikattha,इकट्ठा,इकट्ठा
234,bhupsingh,भूपसिंह,भूपसिंह
235,dabochne,दबोचने,दबोचने
236,crosby,क्रॉस्बी,क्रॉस्बी
237,naameegiraamee,नामीगीरीमी,नामीगिरामी
238,hurley,हर्ली,हर्ले
239,jarda,जरदा,जर्दा
240,liepradhanmantri,लाइप्राधनमंत्री,लिएप्रधानमंत्री
241,bhranti,भ्रांती,भ्रांति
242,agencyyon,एजेंस्यों,ऐजेंसियों
243,bago,बागो,बागो
244,forcee,फोरसी,फारसी
245,bosaan,बोसान,बोसान
246,karki,कार्की,कार्की
247,ginate,गिनाटे,गिनते
248,manokaamnaaon,मनोकामनाओं,मनोकामनाओं
249,sammpattiyaan,सं्पत्तियाँ,संम्पत्तियां
250,politheenon,पोलीथीनों,पॉलिथीनों
251,mtake,मतके,एमटेक
252,parichar,परिचर,परिचर
253,badabadee,बदबाड़ी,बडबडी
254,crane,क्रेन,क्रेन
255,laamiyaan,लामियां,लामियां
256,ulhasnagar,उल्हसनगर,उल्हासनगर
257,prabhanmantri,प्रभानमंत्री,प्रभानमंत्री
258,shiwalapurwa,शिवालापुरवा,शिवालापुरवा
259,ferth,फर्थ,फर्थ
260,suhagin,सुहागीन,सुहागिन
261,saraikela,सराईकेला,सरायकेला
262,romeoville,रोमोविल,रोमियोविल
263,raajsthanvasiyon,राजस्थानवासियों,राजस्थानवासियों
264,pratirodhaatmak,प्रतिरोधात्मक,प्रतिरोधात्मक
265,svarnikaa,स्वर्णिका,स्वर्णिका
266,vyavasthapana,व्यवस्थापना,व्यवस्थापना
267,tel,टेल,तेल
268,galatfahmi,गलगत्हामी,ग़लतफ़हमी
269,takeinsider,तककीनसार,टेकइनसाइडर
270,microfiber,माइक्रोफाइबर,माइक्रोफाइबर
271,shreemahapoorn,श्रीमहापूर्ण,श्रीमहापूर्ण
272,fallujaa,फल्लुजा,फ़ल्लूजा
273,donaldson,डोनलड्सन,डोनल्डसन
274,chadhne,चढ़ने,चढ़ने
275,jeevvigyaaniyon,जीवविज्ञानियों,जीवविज्ञानियों
276,cricketing,क्रिकेटिंग,क्रिकेटिंग
277,reduction,रिडक्शन,रिडक्शन
278,awaazen,अवाइजें,आवाज़ें
279,wlaad,व्लाड़,व्लाद
280,prathmik,प्रथमिक,प्राथमिक
281,thenga,थेंगा,ठेंगा
282,excel,एक्सकेल,एक्सेल
283,chatakaate,चटकाते,चटकाते
284,kubuddin,कुबुद्दीन,कुबुद्दीन
285,taaza,ताज़ा,ताजा
286,padani,पदानी,पड़नी
287,nichaai,निचाई,नीचाई
288,wausau,वौसाउ,वौसौ
289,aalochakon,आलोचकों,आलोचकों
290,jaljale,जलजले,ज़लज़ले
291,surat,सुरात,सूरत
292,jeevati,जीवती,जीवति
293,prahaarak,प्रहारक,प्रहारक
294,shreesadguru,श्रीसदुगुर,श्रीसद्गुरु
295,sanchalanon,संचालनों,संचालनों
296,bhal,भल,भाल
297,tughlaq,तुगलाक,तुगलक
298,uthaapatak,उठापतक,उठापटक
299,hastaantaraneey,हस्तानंतरीय,हस्तांतरणीय
300,utsaahawarddhan,उत्साहवद्र्धन,उत्साहवर्द्धन
301,sangoshtree,संगोष्ट्री,संगोष्ट्री
302,shaasanadhikariyon,शासानधिकारियों,शासनाधिकारियों
303,mahadhipatiyon,महाधिपतियों,महाधिपतियों
304,fatima,फतिमा,फातिमा
305,fode,फोड,फोड़े
306,kantinyoo,कांतिन्यू,कंटिन्यू
307,kaamanaen,कामनाएं,कामानाएं
308,chutile,चूटीले,चुटीले
309,sankhyaen,संख्याएं,संख्याएं
310,kranj,क्रंज,करंज
311,barsata,बरसाता,बरसाता
312,parikalpit,परिकल्पित,परिकल्पित
313,harpal,हरपल,हरपाल
314,maaoont,माउँत,माऊंट
315,grover,ग्रोवर,ग्रोवर
316,biolozis,बायोलॉजिस,बायोलॉजिस्
317,halisahar,हालीसहर,हालिशहर
318,angelo,अंगेलो,एंजेलो
319,janeudharee,जननीधरे,जनेऊधारी
320,bichbachaav,बिचबाचाव,बीचबचाव
321,pokar,पोकर,पोकर
322,apvartit,अप्वर्तित,अपवर्तित
323,aastin,आस्तिन,आस्तीन
324,pratishthaavaale,प्रतिष्ठावाले,प्रतिष्ठावाले
325,buenaventura,ब्यूनेवेंतरा,ब्युनावेंचुरा
326,deccan,डिकेन,डेक्कन
327,seriw,सेरीव,सेरिव
328,pardaa,परदा,पर्दा
329,emile,एमिले,एमिल
330,shaili,शाइली,शैली
331,eastvale,ईस्ट्वले,ईस्टवेल
332,chhallaa,छल्ला,छल्ला
333,lakshyon,लक्ष्यों,लक्ष्यों
334,hoaf,होएफ,हॉफ
335,jarurih,जरूरीह,जरूरीः
336,rahya,रहय्या,रह्या
337,mahkane,महकाने,महकने
338,devi,देवी,देवी
339,nielsen,नाइलसेन,नील्सन
340,bhira,भिरा,भीरा
341,chabutare,चबुतरे,चबूतरे
342,bhushan,भूषण,भूषण
343,rukte,रुकते,रुकते
344,aamdani,आमदनी,आमदनी
345,talkshow,तलक्षोो,टॉकशो
346,junagadh,जुनागढ़,जूनागढ़
347,padhata,पढ़ता,पढ़ाता
348,odhakar,ओधकर,ओढ़कर
349,broke,ब्रोक,ब्रोक
350,talaasha,तलाशा,तलाशा
351,parivaarwaale,परिवारवाले,परिवारवाले
352,trubyunal,ट्रूब्युनल,ट्रिब्यूनल
353,brock,ब्रॉक,ब्रोक
354,yallaappaa,यल्लाप्पा,यल्लाप्पा
355,tasvaron,तसवारों,तस्वारों
356,tugalaki,तुगलकी,तुगलकी
357,pick,पीक,पिक
358,circulation,सर्कल्यूशन,सर्किलेशन
359,jvar,जेवी,ज्वार
360,kanindham,कनिंधाम,कनिंघम
361,kush,कुश,कुश
362,properfacebuk,प्रोपेस्फायुब,प्रॉपरफेसबुक
363,ashrafi,अश्रफी,अशरफी
364,chadhen,चढ़ें,चढ़ें
365,vangchuk,वांगचुक,वांगचुक
366,honeywell,होनेवेल,हनीवेल
367,radiumdharmee,रदियमधर्मी,रेडियमधर्मी
368,ladhege,लढेगे,लड़ेगे
369,sachan,सचान,सचन
370,arthshastriyon,अर्थशास्त्रियों,अर्थशास्त्रीयों
371,canton,कैंटन,कैंटन
372,aatmamugdha,आत्ममगुध्,आत्ममुग्ध
373,pontiac,पोंटियाक,पॉन्टिएक
374,lopez,लोपेज,लोपेज़
375,ghontanaa,घोंटना,घोंटना
376,ambani,अंबानी,अम्बानी
377,maryadaon,मर्यादां,मर्यादाओं
378,ratlam,रतलम,रतलाम
379,hercules,हरक्यूल्स,हरक्यूलिस
380,akola,अकोला,अकोला
381,sakshan,सक्षण,सक्शन
382,notbandeeshuda,नोंतबनदीशुा,नोटबंदीशुदा
383,lagavaatee,लगवाती,लगवाती
384,alive,अलीवे,अलाइव
385,jivant,जिवांत,जीवंत
386,foda,फोड़ा,फोड़ा
387,fatahee,फतहही,फटही
388,noobiyaa,नूबिया,नूबिया
389,lalmanee,लालमानी,लालमणी
390,faisala,फैसला,फ़ैसला
391,krutyaa,क्रुत्या,कृत्या
392,dhuan,धुआन,धुआं
393,ahuja,अहूजा,आहूजा
394,pratipaalpur,प्रतिपल्पुर,प्रतिपालपुर
395,namkeen,नमकीन,नमकीन
396,manjilen,मंजिलें,मंजिलें
397,laffaajee,लफफाजी,लफ्फाजी
398,juraab,जुराब,जुराब
399,fulae,फुला,फुलाए
400,castalloy,कास्टलोय,केस्टालॉय
401,black,बीएलकै,ब्लैक
402,sooraj,सूराज,सूरज
403,bronch,ब्रॉन्च,ब्रॉन्च
404,avarnataa,अवर्णता,अवर्णता
405,johari,जोहरी,जोहरी
406,tevree,तेवरी,तेवरी
407,sanders,सैन्डर्स,सेंडर्स
408,welder,वेल्डर,वेल्डर
409,eneeyoo,एनीयू,एनईयू
410,bharashtachaariyon,भरष्टाचारियों,भरष्टाचारियों
411,laalmanee,लालमनी,लालमणी
412,khaatedaar,खातेदार,खातेदार
413,aazmaanaa,आजमाना,आजमाना
414,aavrittiyon,आवृत्तियों,आवृत्तियों
415,kullawee,कुलवीी,कुल्लवी
416,bahawalpur,बहावलपुर,बहावलपुर
417,prathmikta,प्रथमिकता,प्राथमिकता
418,mobile,मोबिले,मोबाइल
419,katihar,कतिहर,कटिहार
420,swecha,स्वेचा,स्वेच्छा
421,haamidan,हामिदान,हामिदन
422,samdharshni,संधर्षणी,समदर्शिनी
423,dridh,द्रिध,दृढ़
424,gond,गोंड,गोंद
425,wishesh,विशेष,विशेश
426,kaabilegour,काबिलेगोर,काबिलेगौर
427,laurense,लॉरेंस,लौरेंस
428,hisham,हिशाम,हिशाम
429,chausinga,चौसिंगा,चौसिंगा
430,pafin,पफ़िं,पफिन
431,mate,मते,मेट
432,buildcon,बिलकडॉन,बिल्डकॉन
433,teekon,टीकों,टीकों
434,athak,अठक,अथक
435,jindagee,जिंदगी,जिदंगी
436,chayal,चायल,चायल
437,maap,माप,माप
438,last,लास्ट,लास्ट
439,gajra,गजरा,गजरा
440,ratrichar,रात्रीचर,रात्रिचर
441,kaathalaa,काठला,काथला
442,sahuuliyata,सहूलियता,सहूलियत
443,pattnaik,पट्टनेक,पटनायक
444,nyayalayeen,न्यायलयीन,न्यायालयीन
445,mukhyamantriyon,मुख्यमंत्रियों,मुख्यमंत्रियाें
446,jeetanewalon,जीतानेवालों,जीतनेवालों
447,swaphoto,स्वाफोट,स्वफ़ोटो
448,clifton,क्लिफ्टन,क्लिफ्टन
449,doda,डोड़ा,डोडा
450,pendulum,पेंडुलुम,पेंडुलम
451,chipakane,चिपकने,चिपकने
452,nalakasa,नलकास,नलकसा
453,chhah,छाह,छह
454,gond,गोंड,गोंड
455,sameekshaakartaa,समीक्षकर्ता,समीक्षाकर्ता
456,mantripad,मंत्रिपद,मंत्रीपद
457,liberation,लिबरेशन,लिब्रेशन
458,asamaany,असमान्य,असमान्य
459,chungiyon,चुंगियों,चुंगियों
460,arica,एरीका,एरिका
461,balot,बलोट,बेलोट
462,thin,थिन,थींं
463,formic,फोर्मिक,फार्मिक
464,yuddhak,युद्धक,युद्धक
465,vegas,वेगास,वेगास
466,las,लास,लास्ट
467,chitranshi,चित्रांशी,चित्रांशी
468,avranta,अवरांता,अवर्णता
469,wasting,वास्टिंग,वेस्टिंग
470,vitark,वितरक,वितर्क
471,mukabaale,मुकाबले,मुकबाले
472,dharmapoorwee,धर्मपूर्वी,धर्मपूर्वी
473,ambaani,अंबाानी,अंबानी
474,ibija,इबीजा,इबीजा
475,mahamedia,महामिडिया,महामीडिया
476,suzlon,सुजलों,सुज़लोन
477,varnit,वर्णित,वर्णित
478,jhuthlane,झुठलाने,झुठलाने
479,madurai,मदुराई,मदुरई
480,kaundal,कौंडल,कौण्डल
481,lapatta,लपट्टा,लापत्ता
482,kshin,क्षीन,क्षीण
483,tewaree,तेवारी,तेवरी
484,raichur,रायचुर,रायचूर
485,lindon,लिन्डन,लिंडन
486,pulama,पुलामा,पुलमा
487,olraunder,ओलराउंडर,ऑलराउंडर
488,garibon,गरीबों,ग़रीबों
489,callahan,क्ललहन,कालाहान
490,wabag,वाबाग,वाबाग
491,kaipdhari,कैपधारी,कैपधारी
492,atta,अट्टा,आटा
493,bareli,बरेली,बरेली
494,jing,जिंग,जिंग
495,jivan,जीवन,जीवन
496,reddy,रेडी,रेड्डी
497,pehni,पेहनी,पहनी
498,tanu,तणु,तनु
499,deepika,दीपिका,दीपिका
500,lohati,लोहाती,लोहाती
501,kakkad,कक्कड़,कक्कड़
502,maulviyon,मौलवियों,मौलवियों
503,dungarpur,दुंगरपुर,डूंगरपुर
504,zaalaanaa,ज़लाना,झालाना
505,lakme,लकमे,लक्मे
506,prospectus,प्रोस्पेक्टस,प्रोस्पैक्ट्स
507,westinghouse,वेस्टिंगोउस,वेस्टिंगहाउस
508,bawara,बवारा,बावरा
509,thakkr,ठक्कर,ठक्कर
510,ichchhaachaaree,इच्छााचरी,इच्छाचारी
511,triya,त्रिया,त्रिया
512,dhavakon,धावकों,धावकों
513,damle,दामले,दामले
514,shravanabelagola,श्रवणबेलागोला,श्रवणाबेलागोला
515,nilkamal,नीलकमल,नीलकमल
516,karmacharee,कर्मचारी,कर्माचारी
517,poorwottar,पूर्वत्तर,पूर्वाेत्तर
518,lehrayi,लेहरायी,लहराई
519,haito,हाइतो,हैतो
520,prakaandh,प्रकंध,प्रकाण्ड़
521,khelmantree,खेलमंत्री,खेलमंत्री
522,bhavishya,भविष्य,भविष्य
523,egmor,एजमोर,एगमोर
524,shringar,श्रींगर,शृंगार
525,saupengee,सौपेंगी,सौंपेंगी
526,knoxville,क्नोक्सिल,नॉक्सविल
527,bender,बेंडर,बेंडर
528,sundaram,सुन्दरम,सुंदरम
529,pradesh,प्रदेश,प्रदेश
530,samvedikaran,संवेदीकरण,संवेदीकरण
531,laguna,लगुना,लगुना
532,bhisham,भिशम,भीष्म
533,yemmiganur,येमीगिनुर,येम्मिगनुर
534,huhtamaki,हुतमाकाी,हुहतमाकी
535,vadli,वडली,वडाली
536,gail,गेल,गेल
537,race,रेसे,रेस
538,salazar,सलाजार,सालाज़र
539,diphtheria,डिफ्रेििया,डिप्थीरिया
540,dradh,द्रध,दृढ़
541,shadadhi,शादधी,शदधि
542,prabodhini,प्रबोधिनी,प्रबोधिनी
543,lokpratinidhiyon,लोकप्रतिनिधियों,लोकप्रतिनिधियों
544,jatati,जतती,जताती
545,mangla,मांगला,मंगला
546,berwyn,बरविन,बर्विन
547,mum,मूम,मम
548,udaygadhi,उदयगढी,उदयगढ़ी
549,akapulko,अकापुल्को,अकापुल्को
550,vaidhruti,वैध्रुत,वैधृति
551,charanbaddh,चरणबंद्ध,चरणबद्घ
552,mandadi,मंडाड़ी,मनदड़ी
553,euclid,ययक्लिड,यूक्लिड
554,paarampariktaa,पारमपरिकता,पारंपरिकता
555,hafate,हफाते,हांफते
556,sathiya,सथिया,साथिया
557,sanghiyataa,संघियता,संघीयता
558,mukhyaatithiyon,मुख्यातितियों,मुख्यअतिथियों
559,vyavasthavirodhi,व्यवस्थावररोधी,व्यवस्थाविरोधी
560,raktadaataaon,रक्तदाताओं,रक्तदाताओं
561,baramade,बरमादे,बरामदे
562,tarutal,तरुतल,तरुतल
563,kutta,कुत्ता,कुत्ता
564,jhaadaa,झाड़ा,झाड़ा
565,kishun,किशुन,किशुन
566,schaeffler,शेफर्ल,स्कैफ़लर
567,amrohi,अमरोही,अमरोही
568,raidical,रायडिकल,रैडिकल
569,jenner,जेन्नर,जेनर
570,varshiya,वर्षिया,वर्षिय
571,hasino,हासिनो,हसीनों
572,shaavakon,शावकों,शावकों
573,rupa,रुपा,रूपा
574,swaarthparak,स्वार्थपरक,स्वार्थपरक
575,weronika,वेरोनिका,वेरोनिका
576,webb,वेबब,वेब
577,mahapatra,महापत्रा,महापात्रा
578,chenkein,चेंकें,छींके
579,agra,अग्रा,अग्र
580,jiyaangkou,जियांगको,जियांगकोऊ
581,westwork,वेस्टवर्क,वेस्टवर्क
582,janaganna,जनगण्ना,जनगणना
583,pasco,पैसको,पास्को
584,jadhav,जाधव,जाधव
585,enterprise,एन्टरप्राइज,एंटरप्राइज
586,sanshayon,संशयों,संशयों
587,varnavyavasthaavaadiyon,वर्णवय्यवत्वादियों,वर्णव्यवस्थावादियों
588,upasthiyon,उपस्थियों,उपस्थियों
589,mudichu,मुडीचु,मुडिचु
590,parnstaron,पर्णस्तारों,पर्नस्टारों
591,ia,आईए,ईए
592,baila,बैला,बैला
593,livaal,लीवाल,लिवाल
594,hillsboro,हिलस्बोरो,हिल्सबोरो
595,rashtriyadhyaksha,राष्ट्रीयध्यक्षा,राष्ट्रियाध्यक्ष
596,peedablyootee,पीडडलुबिटी,पीडब्ल्यूटी
597,thousand,थाउसंड,थाउजेंड
598,shaakir,शाकिर,शाकिर
599,salahkaar,सलहकार,सलाहकार
600,vishwakarma,विश्वकर्मा,विश्वकर्मा
601,ridge,रिड,रिज
602,swaasthyaheenataa,स्वास्थियीनता,स्वास्थ्यहीनता
603,rishvatkhor,रिश्वतखोर,रिश्वतखोर
604,praavinses,प्राविंसेस,प्राविंसेस
605,daftarvaale,दफ्तरवाले,दफ्तरवाले
606,physician,फिजीशियन,फिजिशियन
607,log,लॉग,लोग
608,jodhika,जोधिका,जोधिका
609,sevalaa,सेवला,सेवाला
610,doobat,दूबत,डूबत
611,sipah,सिपाह,सिपाह
612,bharamaa,भरमा,भरमा
613,prtigyaa,प्रतिज्ञा,प्रतिज्ञा
614,meghwal,मेघवाल,मेघवाल
615,nandoi,नंदोई,नंदोई
616,aurora,औरोरा,ऑरोरा
617,formuley,फार्मले,फार्मूले
618,durghtna,दुर्घटान,दुर्घटना
619,swatantrasingh,स्वतंत्रसिंह,स्वतंत्रसिंह
620,monterey,मोंटरी,मोंटेरे
621,baalti,बालती,बाल्टी
622,columbia,कोलम्बिया,कोलंबिया
623,whittier,व्हिटर,व्हिटियर
624,dukke,दुक्के,दुक्के
625,cubeck,क्यूबेक,क्यूबेक
626,chamakna,चमकना,चमकना
627,sheelbhag,शीलभाग,शीलभंग
628,bistagond,बिस्तागोंड,बिस्तागोंड
629,findlay,फिंडली,फाइंडले
630,bapaa,बपा,बापा
631,dehra,देहरा,देहरा
632,aise,एआईसईई,ऐसे
633,shrankhala,श्रंखला,श्रंखला
634,hastaaksharon,हस्ताक्षरों,हस्ताक्षरों
635,tirupati,तिरूपति,तिरुपति
636,mangalmoortih,मंगलमूर्तीह,मंगलमूर्तिः
637,kursiyon,कुरसियों,कुर्सियों
638,mithaiyaan,मिठाइयाँ,मिठाइयाँ
639,pahno,पहनो,पहनो
640,halebid,हेलेबिड,हैलबिड
641,bangsh,बांगश,बंगश
642,officially,ओफीशिली,ऑफिशियली
643,sevai,सेवाई,सेंवई
644,gurjar,गुर्जर,गुर्जर
645,samanvayaka,समनवायका,समन्वयक
646,parnel,पर्नेल,पार्नेल
647,sunsan,सुनसान,सूनसान
648,cusex,क्युसेक्स,क्यूसैक्स
649,madhya,मध्य,मध्य
650,yudhrat,युधरात,युद्धरत
651,urbandale,उरबंडले,अर्बनडेल
652,briggs,ब्रिग्स,ब्रिग्स
653,error,एरॉर,एरर
654,chikhali,चिखाली,चिखली
655,waan,वां,वाण
656,adhikaariyaan,अधिकारियां,अधिकारियां
657,roanoke,रोनोके,रोनोक
658,haokip,हाओकिप,हाओकिप
659,poorvapekshaaon,पूर्वपेक्षाओं,पूर्वापेक्षाओं
660,masheenawat,मशीनावत,मशीनवत
661,kadmo,कदमो,कदमो
662,kurami,कुरामी,कुरमी
663,vidyaathyon,विद्याथ्यों,विद्याथयों
664,simtataa,सिमताता,सिमटता
665,sangrur,सांगुर,संगरूर
666,strongsville,स्ट्रोंगसिवल,स्ट्रोंगस्विल
667,agvaai,अगवाई,अगवाई
668,jangan,जंगन,जनगन
669,nagraj,नगराज,नागराज
670,yariyan,यारियां,यारियां
671,bhagyeshwar,भग्येश्वर,भाग्येष्वर
672,jivati,जीवती,जीवति
673,sudkhoron,सुदखोरों,सूदखोरों
674,rukwaakar,रुकवाकर,रुकवाकर
675,brahmvarta,ब्रह्मव्रता,ब्रह्मवर्ता
676,gray,ग्रेय,ग्रे
677,bhraanti,भ्रान्ती,भ्रांति
678,purooshottamapur,पुरूषोत्तमपुर,पुरूषोत्तमपुर
679,teji,तेजी,तेजी
680,svaatan,स्वातन,स्वातं
681,mantarimandaliya,मंतरिमंडली,मंत्रिमंडलीय
682,ashley,अश्ले,एशले
683,mathews,माथ्य्,मेथिव्स
684,moolon,मूलों,मूलों
685,akzo,अक्जो,एक्ज़ो
686,hamirpur,हमीरपुर,हमीरपुर
687,pokhriyal,पोखरियाल,पोखरियाल
688,bolateen,बोलतीं,बोलतीं
689,pratishthavale,प्रतिष्ठववले,प्रतिष्ठावाले
690,dabangata,दबंगता,दबंगता
691,dhuriya,धुरिया,धुरिया
692,teap,टीओपीए,टिप
693,gazi,गजी,गाज़ी
694,ijajat,इजाजत,इजाजत
695,mejbani,मेजबानी,मेज़बानी
696,toledo,टोलेडो,टोलेडो
697,mohadhaa,मोहदा,मोहड़ा
698,putli,पुतली,पुतली
699,sanchari,संचारी,संचारी
700,taapanee,तापनी,टापनी
701,little,लिटले,लिटिल
702,narnaari,नरनारी,नरनारी
703,dhaniye,धनिये,धनिये
704,gadhoonga,गढ़ूँगा,गाड़ूँगा
705,faadi,फाद़ी,फाड़ी
706,gammat,गम्मत,गम्मत
707,tuberculosis,ट्यूकर्लोसिस,ट्यूबरक्यूलोसिस
708,nagarjuna,नागरुजना,नागार्जुन
709,raajneechi,राजनीची,राजनीचि
710,medizensar,मेडिजेनेसर,मेडिजेन्सर
711,laphphaajee,लपफाजी,लफ्फाजी
712,commerce,कोमर्स,कॉमर्स
713,maathaloo,माथलू,माथलू
714,chatagaon,चटागांव,चटगांव
715,hilig,हिलिग,हीलिग
716,isnpector,इस्नपेक्टर,इस्न्पेक्टोर
717,testing,टेस्टिंग,टेस्टिंग
718,naushad,नौशद,नौशाद
719,falluja,फल्लुजा,फ़ल्लूजा
720,pik,पीक,पिक
721,jiwan,जीवान,जीवन
722,katal,कटल,कताल
723,dablyooeeef,दबलियोएआई,डब्ल्यूईएफ
724,besil,बेसिल,बेसिल
725,slidon,स्लिडन,स्लाइडों
726,saindan,सैंदन,सैंदान
727,jeremy,जेरेमी,जेरेमी
728,gaanv,गाँव,गॉंव
729,todenge,तोडेंगे,तोड़ेंगे
730,udaan,उड़ान,उड़ान
731,saptkraanti,सप्तक्रान्ति,सप्तक्रांति
732,miranda,मिरंडा,मिरांडा
733,vyapak,व्यापक,व्यापक
734,maddy,मैडी,मैडी
735,sabhasadon,सभासदों,सभासदों
736,nauvahan,नौवहान,नौवहन
737,atmaen,अत्मान,आत्माएं
738,rosa,रोसा,रोज़ा
739,damaae,दमाए,दमाए
740,midwest,माइडवेस्ट,मिडवेस्ट
741,trelarah,त्रेलाराह,ट्रेलरः
742,marlborough,मार्बलोरोग,मालबर
743,waco,वैको,वाको
744,vimarshon,विमर्षों,विमर्शों
745,khan,खान,खान
746,difarard,दिफारार्ड,डिफरर्ड
747,sarsaa,सरसा,सरसा
748,hester,हेस्टर,हेस्टर
749,uttar,उत्तर,उत्तर
750,kasera,कसेरा,कसेरा
751,kuraaane,कुराने,कुरआने
752,dayitvon,दायत्वों,दायित्वों
753,chayaniton,चानानतों,चयनितों
754,morales,मोरालेस,मोराल्स
755,heros,हिरोस,हीरोज
756,premamoolak,प्रेमामूलक,प्रेममूलक
757,moran,मोरान,मोरन
758,zydus,जाइडस,ज़ाइडस
759,nelson,नेलसन,नेल्सन
760,amarpal,अमारपाल,अमरपाल
761,phatne,फटने,फटने
762,tinka,टिंका,टिंका
763,gaayikaao,गाईकाओ,गायिकाओ
764,pakayen,पकाएं,पकाएं
765,bhrashtachariyon,भ्रष्टाचारियों,भ्रष्टाचारीयों
766,chalit,चालित,चालित
767,affle,एफ्ले,एफल
768,mod,मोड,मॉड
769,rajnitikaaron,राजनीतिकारों,राजनीतिकारों
770,arthon,अर्थों,अर्थों
771,gaaligalauj,गालीगलाज़,गालीगलौज
772,anyonyashritata,अन्योन्यष्टिता,अन्योन्याश्रितता
773,udaya,उदया,उडाया
774,cutlery,कटलरी,कटलरी
775,pratibandhah,प्रतिबंधह,प्रतिबन्धः
776,neelaabh,नीलाभ,नीलाभ
777,bilae,बिला,बिलाई
778,khullamkhulla,खुल्लामखुल्ला,खुल्लमखुल्ला
779,swanson,स्वानसों,स्वानसन
780,anvaahaarya,अनवाहर्य,अन्वाहार्य
781,rewari,रेवारी,रेवाड़ी
782,sahkalakar,सहकालकर,सहकलाकार
783,championship,चैम्पिनशश,चैंपियनशिप
784,bhadkaayaa,भड़काया,भड़काया
785,namdhari,नमधारी,नामधारी
786,alba,अल्बा,अल्बा
787,watanukoollan,वातनकुलून,वातानुकूलन
788,khaatadhaarak,खातधारक,खाताधारक
789,texas,टेक्सास,टेक्सस
790,special,स्पेशल,स्पेशल
791,harvansh,हरवंश,हरवंश
792,dinu,दिनू,दीनु
793,shaniwar,शनिवार,शनिवार
794,de,डीई,डीई
795,dabi,दबी,डाबी
796,nahinkarvaaee,नहींकरवाली,नहींकरवाई
797,maarvaad,मारवाड़,मारवाड़
798,peediyon,पीड़ियों,पीड़ियों
799,brigton,ब्रिटटन,ब्रिगटन
800,mnaey,मनीय,मनाए
801,ligar,लीगर,लिगर
802,dilaega,दिलागे,दिलाएगा
803,aadhin,आधीन,आधीन
804,parwa,परवा,परवा
805,hempstead,हेम्पस्टेड,हेम्प्सटेड
806,mamooli,ममूली,मामूली
807,pradeshikaa,प्रदेशिका,प्रदेशिका
808,verification,वैरिफिकेशन,वैरीफ़िकेशन
809,fefada,फेफड़ा,फेफड़ा
810,wisangatiyaa,विसंगतिया,विसंगतिया
811,kachchhe,कच्छे,कच्छे
812,ghost,घोस्ट,घोस्ट
813,pipli,पिपली,पिपली
814,lovasa,लोवासा,लवासा
815,helper,हेल्पर,हेल्पर
816,doobnewaale,दूबनेवाले,डूबनेवाले
817,bakhshane,बख्शने,बख्शने
818,indriyonke,इंद्रियोंके,इन्द्रियोंके
819,barhad,बरहाद,बरहद
820,risaalee,रिसाली,रिसाली
821,kaksheevati,कक्षीवती,काक्षीवती
822,vishvarakt,विश्वरक्त,विश्वरक्त
823,lodi,लोडी,लोदी
824,peachtree,पीचट्री,पीचट्री
825,ghumakkdon,घुमक्डों,घुमक्कड़ों
826,ojha,ओझा,ओझा
827,ilaaj,इलाज़,इलाज़
828,arunai,अरुनई,अरुणाई
829,ayodhyeanath,अयोध्येनाथ,अयोध्यानाथ
830,bhautikwadiyon,भौतिकवाडियों,भौतिकवादियों
831,roket,रोकेट,रकेट
832,nurochemistry,नूरोकोमिन्ट्री,न्यूरोकेमिस्ट्री
833,coldvel,कोल्डवेल,काल्डवेल
834,aawaazen,आवाज़ें,आवाज़ें
835,mool,मूल,मूल
836,multiplexon,मल्टीप्लेक्सोन,मल्टिप्लेक्सों
837,tyoihar,त्योइहार,त्यौहार
838,rotation,रोटेशन,रोटेशन
839,belacha,बेलाचा,बेलचा
840,sahakalaakar,सहकालाकर,सहकलाकार
841,jadit,जादित,जड़ित
842,nagaaraa,नगारा,नगाड़ा
843,barpaya,बरपया,बरपाया
844,doongarpur,दूंगरपुर,डूंगरपुर
845,land,लैंड,लैंड
846,uchchhrunkhalataa,उच्चरूंछातता,उच्छृंखलता
847,failaiya,फैलैया,फैलाइए
848,suchi,सूची,सूची
849,noon,नून,नून
850,rp,आरपी,आरपी
851,shield,शिल्ड,सील्ड
852,palanpur,पालनपुर,पालनपुर
853,electrosteel,इलेक्ट्रोस्टील,इलेक्ट्रोस्टील
854,obscura,ओब्स्क्यूरा,ऑब्स्क्योरा
855,cigretton,सिग्रेटन,सिगरेटों
856,dikhaee,दिखाई,दिखाईं
857,russell,रुसल,रसल
858,nazarandaaz,नज़रन्दाज़,नजरंदाज
859,kualalampoor,कुआलाम्पुर,कुआलालंपूर
860,austin,ऑस्टिन,ऑस्टिन
861,raidcras,राइड्रास,रैडक्रास
862,tcns,टीटीएनएस,टीसीएनएस
863,svaayattshasan,स्वायत्तस्थां,स्वायत्तशासन
864,mood,मूद,मूड
865,daulatabad,दौलतताबाद,दौलताबाद
866,bhulta,भूलता,भूलता
867,pratikaara,प्रतिकारा,प्रतिकारा
868,nights,निघट्स,नाइट्रस
869,nakam,नकाम,नाकाम
870,shutting,शटिंग,शुटिंग
871,raashtra,राष्ट्र,राष्ट्रा
872,bechkar,बेचकर,बेचकर
873,stone,स्टोन,स्टोन
874,wardha,वारधा,वर्धा
875,deedablyutee,डीडलबुलिटी,डीडब्ल्यूटी
876,desabathula,देसाबुतला,देसबथुला
877,baapa,बाप,बापा
878,baghbaan,बगबां,बाघबान
879,aadeshah,आदेशाह,आदेशः
880,udelkar,उउडेलकर,उड़ेलकर
881,tarko,तरको,तर्कों
882,yaaddaasht,याददाष्ट,याद्दाश्त
883,inhalation,इन्हेलेशन,इनहेलेशन
884,safradganj,सफरादगंज,सफरदगंज
885,roopak,रूपक,रूपक
886,scranton,स्क्रैंटन,स्क्रेनटन
887,varnavyavasthaawaadiyon,वर्णव्यवस्तवादियों,वर्णव्यवस्थावादियों
888,shikshakarmiyon,शिक्षाक्रमियों,शिक्षाकार्मियों
889,khandelwal,खंडेलवाल,खंडेलवाल
890,beverages,बेवेरेज्स,बेवरेजेस
891,pidiya,पिडिया,पीडिया
892,nadaf,नादाफ,नदफ
893,jehe,जेहे,जेहे
894,dhahaaenge,ढहाएंगे,ढहाएँगे
895,mastmaula,मस्तमौला,मस्तमौला
896,agartala,अगरताला,अगरतला
897,jamayaa,जममया,जमाया
898,pardesi,परदेसी,परदेसी
899,arya,आर्या,आर्यों
900,velvet,वेलवेट,वेलवेट
901,aapdaein,आपदेएं,आपदाएं
902,aagashe,आगशे,आगाशे
903,achchi,अचीची,अच्छी
904,udghosh,उद्घोष,उदघोष
905,swabhawatah,स्वभावतः,स्वभावतः
906,bani,बनी,बानी
907,raykar,रायकर,राइकर
908,pidilite,पिडिलाइट,पीडीलाइट
909,dual,दुअल,ड्युअल
910,bheera,भीरा,भीरा
911,silva,सिलवा,सिल्वा
912,adhikaran,अधिकरण,अधिकरन
913,rangkata,रंगकता,रंजकता
914,srichakra,श्रीचक्र,श्रीचक्र
915,gowmutra,गौवमुत्रा,गौमूत्र
916,nichalaa,निचला,निचला
917,burhanpur,बुरहनपुर,बुरहानपुर
918,sahooliyata,सहूलियता,सहूलियत
919,labdh,लब्ध,लब्ध
920,poole,पूले,पूल
921,strasion,स्ट्रेशन,स्ट्रेशन
922,picking,पिकिंग,पीकिंग
923,oditar,ओडिटार,ऑडिटर
924,deniar,डेनियार,डेनिअर
925,ajit,अजित,अजित
926,langdon,लांगडों,लैंगडन
927,avashist,अवशिस्त,अवशिष्ट
928,jha,झा,झ
929,prashasnik,प्रशासनिक,प्रशासनिक
930,bossier,बॉसियर,बोसीयर
931,badhachadhakar,बाधचाधकार,बढ़ाचढ़ाकर
932,giridih,गिरीडीह,गिरिडीह
933,bhuj,भुज,भुज
934,reading,रीडिंग,रीडिंग
935,fawaare,फवारे,फव्वारे
936,advait,एड्वैत,अद्वैत
937,rukate,रुकते,रुकते
938,anonditaa,अनोंदिता,अनोंदिता
939,fontana,फोंटना,फोंटाना
940,nyutriyo,न्यूत्रियो,न्यूट्रियो
941,pailoton,पैलोटन,पायलटों
942,jaden,जडें,जड़ें
943,boriwali,बोरीवाली,बोरीवली
944,ilaichi,इलाची,इलाइची
945,alliance,एलियंस,एलियंस
946,dhammaa,धम्मा,धम्मा
947,nahargadh,नाहरगढ़,नाहरगढ
948,nsiu,एनएसआई,एनएसआईयू
949,sapaat,सपात,सपाट
950,lengdan,लेंगदान,लैंगडन
951,panama,पनामा,पनामा
952,putle,पटले,पुतले
953,aasaapaas,आसापस,आसापास
954,alwadhi,अलवाधी,अल्वधि
955,mufalisi,मुफलिसी,मुफलिसी
956,sansathaan,संसथान,संसथान
957,darshnaarthee,दर्शनार्थी,दर्शनार्थी
958,lokotsav,लोकोत्सव,लोकोत्सव
959,graahakonne,ग्राहकोंने,ग्राहकोंने
960,uchchaadhikaareeyo,उच्चाधिकारियों,उच्चअधिकारीयो
961,bhav,भ्व,बहाव
962,reja,रेजा,रेजा
963,motherson,मोथर्सन,मदरसन
964,kauplaiks,कौपलिक्स,काॅप्लेक्स
965,aaburod,आबुरोद,आबूरोड
966,heidelbergceat,हीडेलरब्जिट,हैडलबेर्गसिएट
967,chimati,चिमती,चिमटी
968,surfactants,सर्फैक्टेंट्स,सर्फेकटेंट्स
969,mitao,मिताओ,मिटाओ
970,kailana,कैलना,कायलाना
971,tankar,टंकर,टंकार
972,odhkar,ओधकर,ओढ़कर
973,merta,मेर्टा,मेड़ता
974,megavaal,मेगवाल,मेगवाल
975,rasyanik,रस्यनिक,रसायनिक
976,soochnah,सूचनाह,सूचनाः
977,sugamata,सुगमता,सुगमता
978,jockey,जोकी,जोकि
979,munaf,मुनाफ,मुनाफ
980,niswarth,निस्वार्थ,निस्वार्थ
981,kshetradwaaraa,क्षेत्रदावारा,क्षेत्रद्वारा
982,mahawar,महावर,महावर
983,buldhana,बुलधाना,बुलढाना
984,dhamkata,धमकता,धमकाता
985,bhusvami,भुसवामी,भूस्वामी
986,vigyan,विज्ञान,विज्ञान
987,quete,क्यूट,क्यूट
988,bevkufana,बेवकुफना,बेवकूफाना
989,jajmau,जजमौ,जाजमऊ
990,beltran,बेल्ट्रान,बेल्ट्रान
991,vilas,विलास,विलास
992,makhdumpur,मखदमुपुर,मखदुमपुर
993,kolorado,कोलोरडडो,कोलोराडो
994,blackburn,ब्लैकबर्न,ब्लैकबर्न
995,suniti,सुनिती,सुनीति
996,ghigghee,घिग्घी,घिग्घी
997,flavonoids,फ्लेवोनोइड्स,फ्लेवनाइड्स
998,chahunmukhi,चहुमुखूी,चहुंमुखी
999,supachye,सुपाच्ये,सुपाच्य
1000,siratee,सिरती,सिरती
1001,vishnu,विष्णु,विष्णु
1002,chaudahavan,चौड़ावन,चौदहवां
1003,chaudhari,चौधरी,चौधरी
1004,aabru,आब्रू,आबरू
1005,balurak,बालूरक,बलुरक
1006,davangere,डावंगेरे,दावणगेरे
1007,anurit,अनुरित,अनुरीत
1008,shipping,शिपिंग,शिपिंग
1009,patiala,पतियला,पटियाला
1010,jaanam,जानम,जानम
1011,financial,फाइनेंशल,फाइनेंसियल
1012,damae,दमाई,दमाए
1013,policy,पोलिसी,पालिसी
1014,icc,आईसीसी,आइसीसी
1015,kuchchh,कुच्छ,कुच्छ
1016,cheekhna,चेखना,चीखना
1017,reliance,रिलायंस,रिलायंस
1018,urvarakon,उर्वराकों,उर्वरकों
1019,ravael,रवेल,रवैल
1020,ladhkiyon,लढ्कियों,लड़कियो
1021,mukeshwaree,मुकेश्वरी,मुकेश्वरी
1022,wankshetra,वांकेष्ट्र,वनक्षेत्र
1023,ummeede,उम्मददे,उम्मीदे
1024,kahaavah,कहावह,कहावह
1025,kaantipoorn,कांतिपूर्ण,कांतिपूर्ण
1026,badaaen,बड़ाएं,बड़ाएँ
1027,enseeaardablyusee,एन्सीवर्डब्युली,एनसीआरडब्ल्यूसी
1028,pratibaddhataa,प्रतिबद्धता,प्रतिबद्धाता
1029,follow,फोलोव,फ़ॉलो
1030,sevamukta,सेवामुक्त,सेवामुक्त
1031,evanston,इवेंस्टोन,इवान्स्टन
1032,charas,चरस,चरस
1033,hills,हिल्स,हील्स
1034,robertsan,रोबर्सन,रॉबर्टसन
1035,bhadauriya,भदौरिया,भदौरिया
1036,glaxosmithkline,ग्लाक्सोमिथ््कलन,ग्लैक्सोस्मिथक्लीन
1037,producton,प्रोडक्टन,प्रॉडक्टों
1038,guevara,गुएवरा,गेवारा
1039,vigyaanon,विज्ञानों,विज्ञानों
1040,jarvis,जरविस,जार्विस
1041,laphz,लैफ्ज,लफ्ज
1042,font,फोंट,फॉन्ट
1043,paradheen,परधीन,पराधीन
1044,shak,शक,शक़
1045,ganjhoo,गंझू,गंझू
1046,dit,डिट,डिट
1047,danptiyon,दनपतियों,दंपतियों
1048,maadhikhedhaa,माधिखेह़ा,माड़ीखेड़ा
1049,pratishthaanon,प्रतिष्ठानों,प्रतिष्ठानोंं
1050,soond,सूंद,सूंड़
1051,ginte,जिन्टे,गिनते
1052,alagalag,अलगलग,अलगअलग
1053,swastikakaar,स्वस्तिकाकार,स्वास्तिकाकार
1054,pratikaraa,प्रतिकरा,प्रतिकारा
1055,aastik,आस्तिक,आस्तिक
1056,niveshkartaa,निवेशकरता,निवेशकर्ता
1057,saval,सवल,सवाल
1058,sanskritiyan,संस्कृतियां,संस्कृतियां
1059,raubdar,रौबदार,रौबदार
1060,raghuram,राघुराम,रघुराम
1061,intaravyu,इंतरव्यु,इंटरव्यु
1062,chharhari,छरहरी,छरहरी
1063,sawyer,सयवयर,सॉयर
1064,bhasapa,भासापा,भासपा
1065,jvaaron,ज्वारों,ज्वारों
1066,sansthita,संस्थिता,संस्थिता
1067,parshdon,पर्ष्डों,पार्षदों
1068,pulatskar,पुलत्सकार,पुलत्स्कर
1069,uthaaeange,उठाएंगे,उठाएँगे
1070,laengee,लांगी,लाएंगी
1071,oeeef,आईईएफ,ओईएफ
1072,valsad,वालसद,वलसाड
1073,mulon,मुलों,मूलों
1074,putliyan,पुटलियां,पुतलियां
1075,shmil,श्मिल,शमिल
1076,riggs,रिग्स,रिग्स
1077,camarillo,कैमरिलो,कैमेरिलो
1078,saflataa,सफलता,सफ़लता
1079,vinasht,विनाश्ट,विनष्ट
1080,kping,क्रिंग,कपिंग
1081,jayalalithaa,जयलीलथ,जयललिता
1082,items,आईटीईएमस,आइटम्स
1083,soccer,सोसर,सॉकर
1084,asphalt,अश्फाल्ट,एस्फाल्ट
1085,mehrotra,मेहरोत्रा,मेहरोत्रा
1086,chune,चुने,चुने
1087,zarakh,ज़राख,जरख
1088,mejbaani,मेजबानी,मेज़बानी
1089,muflisi,मुफलिसी,मुफलिसी
1090,luna,लूना,लूना
1091,warnavyavasthaavaadiyon,वर्णव्यवस्थवादियों,वर्णव्यवस्थावादियों
1092,lipaaee,लिपाई,लिपाई
1093,uthni,उठनी,उठनी
1094,bajaj,बजज,बजाज
1095,hisarah,हिसारह,हिसारः
1096,dampatiyon,दंपतियों,दंपतियों
1097,watson,वाटसन,वॉटसन
1098,augustustine,अगस्टस्टी,अगस्टाइन
1099,pataakshep,पटाक्षेप,पटाक्षेप
1100,dhandhekhoree,धंधेखोरी,धंधेखोरी
1101,ubhregaa,उभरेगा,उभरेगा
1102,anton,एंटन,एंटोन
1103,apardarshi,अपरदर्शशी,अपारदर्शी
1104,nihlaani,निहलानी,निहलानी
1105,tivolee,टिवोली,टिवोली
1106,hogis,होगिस,होगिस
1107,winter,विंटर,विंटर
1108,badalavaakar,बडलाववर,बदलवाकर
1109,ghumaee,घुमाई,घुमाई
1110,petaluma,पेटालुमा,पेटालुमा
1111,beeemdablyooem,बीमडलब्डीयम,बीएमडब्ल्यूएम
1112,bakhshate,बख्षते,बख्शते
1113,sanvedikaran,संवेदीकरण,संवेदीकरण
1114,telon,तेलों,तेलों
1115,ghummakkadon,घुम्मकडकों,घुमक्कड़ों
1116,haanfte,हाँफते,हांफते
1117,farheen,फरहीन,फरहीन
1118,james,जैम्स,जेम्स
1119,kiratpur,कीरतपुर,कीरतपुर
1120,redding,रेडिंग,रेडिंग
1121,shaq,शक,शक़
1122,surprise,सुप्राइज,सरप्राइज़
1123,kisanon,किसानों,किसानों
1124,chalenge,चलेंगे,चलेंगे
1125,yoder,योडर,योडेर
1126,stein,स्टीन,स्टीन
1127,paithelojist,पैथेलोजिस्ट,पैथेलॉजिस्ट
1128,labeling,लेबलिंग,लेबलिंग
1129,ikthiyosis,इक्थियोइसिस,इक्थियोसिस
1130,liberation,लिबरेशन,लिबरेशन
1131,phoodon,फूदों,फूडॉन
1132,nanhein,नन्हें,नन्हें
1133,bhadauria,भडौरिया,भदौरिया
1134,jatilaa,जतिला,जटिला
1135,pahunchanee,पहुंचानी,पहुंचनी
1136,raashtron,राष्ट्रों,राष्ट्रोंं
1137,blossom,ब्लॉसम,ब्लॉसम
1138,tandon,तंडों,टंडन
1139,gadbadbadee,गड़बड़बाडी,गड़बड़बड़ी
1140,sanasthita,सनस्थिता,संस्थिता
1141,yatraen,यात्राएं,यात्राएं
1142,aadan,आदन,आदान
1143,javate,जवते,जावते
1144,niyuttiyon,नियुत्तियों,नियुत्तियों
1145,bhishm,भिष्म,भीष्म
1146,hundiya,हुण्डिया,हंडिया
1147,murgeepaalan,मुरगीपालन,मुर्गीपालन
1148,malekar,मालेकर,मालेकर
1149,loveland,लोवलैंड,लवलैंड
1150,mavey,मावे,मावे
1151,vikram,विक्रम,विक्रम
1152,hanfte,हांफटे,हांफते
1153,barrackpore,बैराक्रोचर,बैरकपुर
1154,ghaziabad,गाजीआबाद,ग़ाज़ियाबाद
1155,tarkon,तरकों,तर्कों
1156,spf,एसपीएफ,एसपीएफ
1157,artemis,आर्टेमिस,आर्टेमिस
1158,aipp,एआइपीपी,ऐप्प
1159,jaiban,जयबन,जयबाण
1160,gairairaadatan,गैराईरादतन,गैरइरादतन
1161,vivekadhin,विवेकधीन,विवेकाधीन
1162,sabajooniyar,सबजूनियार,सबजूनियर
1163,faliya,फलिया,फालिया
1164,prekshakganon,प्रेक्षागणों,प्रेक्षकगणों
1165,purvaasiyon,पूर्वासियों,पुरवासियों
1166,vipannata,विपन्नता,विपन्नता
1167,maanga,माँगा,मांगा
1168,ordanens,आर्डेनेस,ऑर्डनेंस
1169,pradhan,प्रधन,प्रधान
1170,abhiyuktonke,अभियुक्तोंके,अभियुक्तोंके
1171,viratkhand,वीरतखंड,विराटखंड
1172,hijbul,हिजबुल,हिजबुल
1173,vidyaon,विद्याओं,विद्याओं
1174,manju,मांजू,मंजू
1175,chhawindra,छविंद्रा,छविंद्र
1176,chhupkar,छुपकर,छुपकर
1177,doranda,दोरंडा,डोरंडा
1178,saym,सेयम,सायं
1179,mithhaiyaan,मिथइइााँ,मिठाइयाँ
1180,jeevvigyaniyon,जीवविज्ञानियों,जीवविज्ञानियों
1181,pashtuun,पषषुओ,पश्तून
1182,brahraachaarinee,ब्रहराचारिनी,ब्रह्राचारिणी
1183,jerusalem,जेरुसलेम,यरूशलेम
1184,altamonte,अल्टामोंट,एल्टामोंटे
1185,sihuntaa,सिहुंता,सिहुंता
1186,hemwati,हेमवती,हेमवती
1187,koshadhikaaree,कोशधीकारी,कोषाधिकारी
1188,ashanka,अशंका,आशंका
1189,bean,बीअन,बीन
1190,vaigyanikata,वैज्ञनिकता,वैज्ञानिकता
1191,jheelon,झीलों,झीलों
1192,robarto,रोबार्टो,रोबर्तो
1193,shrirampur,श्रीरामपुर,श्रीरामपुर
1194,manchiya,मंचिया,मंचीय
1195,vasoolataa,वसूलता,वसूलता
1196,morrison,मोरिसन,मोरीसन
1197,mhagranth,महाग्रंथ,महाग्रंथ
1198,transistor,ट्रांसिस्टर,ट्रांजिस्टर
1199,sarvjaatiya,सर्वजातिय,सर्वजातीय
1200,patotsav,पटोट्सव,पाटोत्सव
1201,houkee,होईकी,हाॅकी
1202,medithsan,मेडिथसन,मेडिथ्सन
1203,udana,उदाना,उड़ाना
1204,saraaymohiuddeenpur,सरायमोधिनमोद्पर,सरायमोहिउद्दीनपुर
1205,petersburg,पेटरस्बर्ग,पीटर्सबर्ग
1206,ranjkatha,राजकथा,रंजकता
1207,diya,दिया,दीया
1208,mohindar,मोहिंदार,माेहिंदर
1209,mastek,मास्तेक,मस्टेक
1210,nirbadh,निरबाध,निर्बाध
1211,ehsaas,एहसास,एहसास
1212,avrutiyon,अवृततियों,आवृत्तियों
1213,eshiyavan,इशियावां,एशियवन
1214,thki,तकी,थकी
1215,turbine,टर्बाइन,टरबाइन
1216,dimaak,डिमाक,दिमाक
1217,jodhpur,जोधपुर,जोधपुर
1218,durdhara,दुर्धरा,दरदरा
1219,khaastaur,खास्तौर,ख़ासतौर
1220,makrani,मकरानी,मकरानी
1221,high,हि,हाई
1222,fatahi,फतही,फटही
1223,mariya,मरिया,मारिया
1224,ganv,गणव,गॉंव
1225,pendulam,पेंडुलम,पेंडुलम
1226,aavishakaar,आविषकार,आविष्कार
1227,natijeh,नतिजेह,नतीजेः
1228,jeffersonville,जेफरसेन्वलल,जेफरसनविल
1229,brahmasiddhi,ब्रह्मासिद्धि,ब्रह्मसिद्धि
1230,tulshidas,तुलशीदास,तुलसीदास
1231,reeta,रीता,रीता
1232,charchaamanch,चर्चामंच,चर्चामंच
1233,pratikaaraa,प्रतिकारा,प्रतिकारा
1234,tarkwaad,तरक्वाद,तर्कवाद
1235,dabangon,दबंगों,दबंगों
1236,hichkicha,हिचकीचा,हिचकिचा
1237,sheershakon,शीर्षकों,शीर्षकों
1238,dam,दम,डम
1239,dviarthee,द्वियर्थी,द्विअर्थी
1240,jawabah,जवाबाह,जवाबः
1241,bahumaan,बहुमाँ,बहुमान
1242,jaanchkarata,जांचकराता,जांचकर्ता
1243,vandemaataram,वंदेमातरम,वन्देमातरम्
1244,should,शोल्ड,शुड
1245,agsta,एजीएसटीए,अगस्ता
1246,neu,न्यू,एनईयू
1247,dastakhatshuda,दस्तखातुद्धा,दस्तखतशुदा
1248,surinama,सूरिनामा,सूरीनाम
1249,kingkhan,किंगखान,किंगखान
1250,taras,तरस,तरस
1251,rekannecting,रीकनेंक्टिंग,रिकनेक्टिंग
1252,phaibrik,फेबब्रिक,फाइब्रिक
1253,clair,क्लायर,क्लेयर
1254,chhejat,छेजत,छीजत
1255,mominatolaa,मोमिनाटोला,मोमिनटोला
1256,virodh,विरोध,विरोध
1257,arena,अरेना,अरेना
1258,unionwaadi,यूनिनवादी,यूनियनवादी
1259,bamleshvaree,बामलेश्वरी,बम्लेश्वरी
1260,boca,बोका,बोका
1261,immaturity,इम्मेट्रिटी,इम्मैच्योरिटी
1262,sansthaan,संस्थान,संसथान
1263,jin,जिन,जीन
1264,dadrewa,दाद्रेवा,ददरेवा
1265,kide,कीडे,कीड़े
1266,karawanou,करवानो,करावणौ
1267,putin,पुतीन,पुतिन
1268,tankaar,तककार,टंकार
1269,khatakati,खटकती,खटकती
1270,jadd,जड्द,जड़
1271,pushpa,पुषपा,पुष्प
1272,gm,जीएम,जीएम
1273,yusugi,युसुगी,युसूगी
1274,korola,कोरोला,कोरोला
1275,pyade,प्याडे,प्यादे
1276,karavaayegee,करवाएगी,करवायेगी
1277,balaatkaariyon,बलातकारियों,बलात्कारियों
1278,jatatee,जतती,जताती
1279,gurdaspur,गुरदस्पुर,गुरदासपुर
1280,shreshthaswaroop,श्रेष्ठस्वरूप,श्रेष्ठस्वरूप
1281,shubhprabhaa,शुभप्रभा,शुभप्रभा
1282,europlast,यूरोप्लास्ट,यूरोप्लास्ट
1283,rashtrabhakton,राष्ट्रभा्कों,राष्ट्रभक्तों
1284,canterbari,कैंटरबारी,कैंटरबरी
1285,communicators,कम्मुनिकेटर्स,कम्युनिकेटर्स
1286,mahamanch,महामंच,महामंच
1287,conway,कोनवे,कॉन्वे
1288,dwf,डीएफआइ,डीडब्ल्यूएफ
1289,reeves,रीव्स,रीव्स
1290,dabhoi,दभोई,डभोई
1291,bhootal,भूटल,भूतल
1292,insaano,इंसानो,इंसानो
1293,emily,एमिली,एमिल
1294,vigyaanam,विज्ञानम,विज्ञानम
1295,sapatey,सपाटे,सपाटे
1296,atwaal,अत्वाल,अटवाल
1297,hindan,हिनदान,हिंडन
1298,aaufisaree,आफीसरी,ऑफिसरी
1299,montclair,मोनटकेलर,मोंटक्लेयर
1300,purnsveekrit,पर्न्सवेरितत,पुर्नस्वीकृत
1301,richardson,रिचर्डसन,रिचर्डसन
1302,sandrbh,संद्रभ्,संदर्भ
1303,fargo,फरगो,फार्गो
1304,aleem,अलीम,अलीम
1305,saptakranti,सप्तक्रांति,सप्तक्रांति
1306,hr,एचआर,एचआर
1307,imaandaari,इमानदारी,इमानदारी
1308,kontrekting,कोन््रेटिक्ंग,कॉन्ट्रेक्टिंग
1309,gangajal,गंगाजल,गंगाजल
1310,gaur,गौर,गौर
1311,adhikariyon,अधिकारियों,अधिकरियों
1312,bandhan,बंधन,बंधान
1313,sendha,सेंधा,सेंधा
1314,dablyoopidi,डाबलियोपिडी,डब्ल्यूपीडी
1315,gravita,ग्रवििता,ग्रविटा
1316,lincoln,लिनकॉन,लिंगकन
1317,pravrittivigyanon,प्रावृत्तिविज्ञान,प्रवृत्तिविज्ञानों
1318,cementation,सेमेंटेशन,सीमेंटेशन
1319,bagad,बगड़,बगड़
1320,gentry,जेन्ट्री,जेन्ट्री
1321,datson,दातसों,डैटसन
1322,montebello,मोनटेबलो,मोंटेबेल्लो
1323,renewables,रेनेवेबल्स,रिन्यूएबल्स
1324,naksalwad,नक्सलवाद,नक्सलवाद
1325,aitraz,एत्राज,ऐतराज़
1326,itibhagwatee,इतिभागवती,इतिभगवती
1327,niveshkarta,निवेशकर्ता,निवेशकर्ता
1328,patkathayen,पटकथाएं,पटकथाएं
1329,kaabiletaarif,काबिलेतराइत,काबिलेतारीफ
1330,bhaadas,भादस,भादस
1331,bhogte,भोगते,भोगते
1332,holding,होल्डिंग,होल्डिंग
1333,dhatta,धत्त,धत्ता
1334,dhoron,धोरों,धोरों
1335,upakhyanon,उपख्यानों,उपाख्यानों
1336,fayetteville,फेयेटटिवल,फयेत्तेविल्ले
1337,stockton,स्टॉकटन,स्टॉकटन
1338,brijesh,बृजिश,ब्रजेश
1339,pratigya,प्रतिज्ञा,प्रतिज्ञा
1340,badhaati,बढ़ाती,बढ़ाती
1341,then,थेन,थेन
1342,thomas,थोमस,थॉमस
1343,dhyeywadi,ध्येवेाडी,ध्येयवादी
1344,tuesday,ट्यूसडी,ट्यूजडे
1345,wgpl,वीजीपीएल,डब्ल्यूजीपीएल
1346,ovum,ओवुम,ओवम
1347,gati,गती,गति
1348,nucleus,न्यूक्लियस,न्यूक्लियस
1349,kraar,क्रार,क़रार
1350,purooshottamaachary,पुरूषोष्टमारी,पुरूषोत्तमाचार्य
1351,manchanda,मानचंदा,मनचंदा
1352,lahsun,लहसुन,लहसुन
1353,naqaab,नक़ाब,नक़ाब
1354,suja,सूजा,सूजा
1355,mckenzie,मैकेनजी,मैकेंज़ी
1356,purzon,पूर्जों,पुर्जों
1357,bahunt,बहुंत,बहुंत
1358,bravo,ब्रावो,ब्रावो
1359,amaanat,अमानत,अमानत
1360,jhuthla,झुठला,झुठला
1361,bush,बुश,बुश
1362,chaukhate,चौखाते,चौखटे
1363,apar,अपार,अपर
1364,asthetic,एस्थेटिक,एस्थेटिक
1365,kshetradwara,क्षेत्राद्वारा,क्षेत्रद्वारा
1366,sajja,सज्जा,सज्जा
1367,dhahaane,ढहाने,ढहाने
1368,nariyalyukt,नरियालयुक्त,नारियलयुक्त
1369,jealous,जीलॉस,जूलूस
1370,kursiyo,कुरसियो,कुर्सियॉ
1371,singhaadey,सिंघाड़े,सिंघाड़े
1372,amy,एमीए,एमी
1373,antarmukh,अंतर्मुख,अंतर्मुख
1374,thakkar,ठक्कर,ठक्कर
1375,badbolepan,बड़बोलेपन,बड़बोलेपन
1376,naxaliyon,नक्सलियों,नक्सलियों
1377,manner,मानर,मैनर
1378,himali,हिमाली,हिमाली
1379,naksalavaad,नक्सलावाद,नक्सलवाद
1380,half,हॉल्फ,हॉफ
1381,mahaadharmaadhyaksha,महाधर्माध्यक्ा,महाधर्माध्यक्ष
1382,parmoujood,परमूजूद,परमौजूद
1383,tippanikar,टिप्पणीकर,टिप्पणीकार
1384,perels,पेरेल्स,पेरेल्स
1385,bhapaee,भपईई,भपाई
1386,beetaane,बीताने,बीताने
1387,valve,वलवे,वाल्व
1388,dwirookta,द्विरूकता,द्विरुक्त
1389,eddie,एडी,एड्डी
1390,jivaniyaan,जीवानियां,जीवनियां
1391,panghal,पंघल,पंघाल
1392,khand,खंड,खंडा
1393,urvarkon,उरवर्कों,उर्वरकों
1394,besin,बेसिन,बेसिन
1395,giriwasiyon,गिरिवासियों,गिरिवासियों
1396,paradhin,पराधीन,पराधीन
1397,pukhtaa,पुखता,पुख़्ता
1398,achnera,अचनेरा,अछनेरा
1399,carson,कार्सन,कार्सन
1400,delta,डेल्टा,डेल्टा
1401,tripura,त्रिपुरा,त्रिपुरा
1402,alaymani,अल्यमनि,अलयमनी
1403,kheda,खेड़ा,खेड़ा
1404,nahargarh,नाहरगढ़,नाहरगढ
1405,shalimar,शालीमार,शालीमार
1406,immaichyority,इमाइचियोट्रि,इम्मैच्योरिटी
1407,elendt,एलेंड्ट,एलएंडटी
1408,properphasebuk,प्रोपरफेजबुक,प्रॉपरफेसबुक
1409,udanon,उदानों,उड़ानों
1410,mhajan,म्हाजन,महाजन
1411,moses,मोसोस,मोसेस
1412,bataayaaki,बटायकी,बतायाकि
1413,alai,अलाई,अली
1414,ilectromeetar,इलेक्ट्रोमीटर,इलेक्ट्रोमीटर
1415,amod,अमोद,आमोद
1416,rookenge,रूकेंगे,रूकेंगे
1417,maariya,मारिया,मारिया
1418,raagon,रागों,रागों
1419,aaipief,आआइपीआईएफ,आइपीएफ
1420,phalitartha,फलितार्थ,फलितार्थ
1421,supachy,सुपाच्य,सुपाच्य
1422,awashist,अवशिष््,अवशिष्ट
1423,ishat,इशत,ईष्ट
1424,rate,रते,रेट
1425,aata,आट्,आटा
1426,mahalon,महलों,महलों
1427,warishthon,वारिष्ठों,वरिष्ठों
1428,jalapot,जलापोट,जलपोत
1429,katrina,कतरीना,कैटरीना
1430,jismafaroshee,जिस्फरमोशी,जिस्मफरोशी
1431,salary,सालारी,सैलरी
1432,raza,रज़ा,रज़ा
1433,rectare,रेक्टेयर,रैकेटियर
1434,basil,बसीिल,बेसिल
1435,badhaataa,बढ़ाता,बढ़ाता
1436,charanbaddha,चरणबंदध,चरणबद्घ
1437,bhadkaya,भड़काया,भड़काया
1438,sahityotsav,साहित्योत्सव,साहित्योत्सव
1439,naraseepura,नरसीपुरा,नरसीपुरा
1440,samjhunga,संझुंगा,समझूंगा
1441,chandrapur,चंद्रापुर,चंद्रपुर
1442,sarkaa,सरका,सरका
1443,dhaah,ढाह,ढाह
1444,praudh,प्रौध,प्रौढ
1445,ahitakaaree,अहिताकारी,अहितकारी
1446,darawani,दारावानी,डरावनी
1447,belinda,बेलिंदा,बेलिंडा
1448,alayamanee,अलयमनी,अलयमनी
1449,datsun,दत्सुन,डैटसन
1450,ate,अते,अते
1451,fasteners,फास्टनर्स,फास्नर्स
1452,bangravala,बांगरावाल,बंगरावाला
1453,saira,सैरा,सायरा
1454,atthas,अट्थास,अट्टहास
1455,nirdal,निरदल,निर्दल
1456,mahbubnagar,महबूबनगर,महबूबनगर
1457,daratey,डराटे,डराते
1458,valkkan,वालक्कां,वल्कन
1459,khastaur,खस्तौर,ख़ासतौर
1460,barsaai,बरसाई,बरसाई
1461,ananddaayak,आनंददायक,आनंददायक
1462,banbi,बनबी,बांबी
1463,toh,तोह,तो
1464,asmanye,असमान्ये,असमान्य
1465,wipannta,विपान्त,विपन्नता
1466,spast,स्पस्ट,स्पस्ट
1467,amzera,अमज़रा,अमझेरा
1468,bechakar,बेचाकर,बेचकर
1469,ghatabadh,घटाबध,घटबढ़
1470,kaushalta,कौशलता,कौशलता
1471,machine,मशीने,मशीन
1472,wireless,वायरलेस,वायरलेस
1473,fainn,फेन,फैंन
1474,gaano,गानो,गानो
1475,khambhat,खम्भाट,खंभात
1476,kyooaaeepeees,क्योईपीएस,क्यूआईपीएस
1477,dublin,डबलिन,डबलिन
1478,mta,एमटीए,एमटीए
1479,samruddhiyon,समृद्धियों,समृद्धियों
1480,radhakrushnadas,राधाकृष्णदास,राधाकृष्णदास
1481,kaansting,कांस्टिंग,कांस्टिंग
1482,idukki,इद्कुकी,इड्डुक्कि
1483,industrial,इंडस्ट्रियल,इंडस्ट्रियल
1484,bharatwanshee,भरतवंशी,भारतवंशी
1485,maangi,माँगी,मांगी
1486,robins,रॉबिंस,रॉबिंस
1487,vladimir,व्लादिमिर,व्लादिमीर
1488,pehowa,पेहोवा,पेहोवा
1489,bagh,बाह,बाग
1490,ummidwaaree,उम्मीदवारी,उम्मीदवारी
1491,saafgoi,साफगोई,साफगोई
1492,koottaa,कूट्टा,कूत्ता
1493,adain,अदैन,एडेन
1494,grenite,ग्रेनाइट,ग्रेनाइट
1495,ustara,उस्तरा,उस्तरा
1496,dhundhta,धूंधता,ढूंढता
1497,sangheeyataa,संघीयता,संघीयता
1498,kumari,कुमारी,कुमारी
1499,depthiriya,डेप्थिरिया,डिप्थीरिया
1500,adchane,अडचने,अड़चने
1501,koriyaah,कोरियाह,कोरियाः
1502,prapat,प्रपत,प्रपात
1503,chhudawaaya,छुड़वाया,छुड़वाया
1504,suiyan,सुइयाँ,सूइयां
1505,veronika,वेरोनिका,वेरोनिका
1506,schaeffler,शेफलर,स्कैफलर
1507,jyaadaa,ज्यादा,ज़यादा
1508,potter,पोटर,पॉटर
1509,media,मेडिया,मीडिया
1510,yarushalem,यारूशलेम,यरूशलेम
1511,pichde,पिचडे,पिछड़े
1512,letaseng,लेटसेंग,लेटसेंग
1513,arthavyawasthataaon,अर्थव्यस्त्वराथाओं,अर्थव्यवस्थताओं
1514,kakoo,ककू,काकू
1515,nirdeshika,निर्देशिका,निर्देशिका
1516,seto,सेटो,सेटो
1517,navate,नवते,नवाते
1518,samvedansheelata,संवेदीशंलता,संवेदन्शीलता
1519,roadrej,रोडरेज,रोडरेज
1520,chhahon,छहों,छहों
1521,laphj,लाफज,लफ्ज
1522,vanshvad,वंशवव,वंशवाद
1523,rohtak,रोहताक,रोहतक
1524,atakta,अटकता,अटकता
1525,baawaraa,बावरा,बावरा
1526,kribarabh,क्रिबारभ,कृबरभ
1527,prakashakah,प्रकाशकह,प्रकाशकः
1528,styrolution,स्टाराइलीशन,स्टायरोल्यूशन
1529,apaardarshi,अपारदर्शी,अपारदर्शी
1530,bengaluru,बेंगलुरू,बेंगलुरु
1531,andhapan,अंधापन,अंधापन
1532,mainan,मैनान,मैनन
1533,kyaah,क्याह,क्याः
1534,formulae,फार्मलाई,फार्मूले
1535,hamalavar,हमललवर,हमलावर
1536,amavasya,अमावस्य,अमावस्या
1537,purvapekshaaon,पूर्वपेक्षाओं,पूर्वापेक्षाओं
1538,daishawaalaa,दैशवाला,डैशवाला
1539,oklahoma,ओकलाहोमा,ओकलाहोमा
1540,darmait,दर्मात,डारमैट
1541,sahakalakar,सहकलाकर,सहकलाकार
1542,fatma,फतमा,फातमा
1543,khalati,खलती,खलती
1544,dayitva,दयित्व,दायित्व
1545,kyusaiks,क्युसैक्स,क्यूसैक्स
1546,tolakarmee,तोलकर्मी,टोलकर्मी
1547,version,वर्शन,वर्शन
1548,parisamvad,परिसमवाद,परिसंवाद
1549,immune,इम्युने,इम्युन
1550,bachti,बचती,बचती
1551,utilities,यूटीलिटीज,यूटिलिटीज
1552,malmaas,मलमास,मलमास
1553,cadmium,कैडमियम,कैडमियम
1554,antioch,एंटीक,एन्टीओक
1555,khatedaar,खटेदार,खातेदार
1556,mohini,मोहिनी,मोहिनी
1557,vishwasniiyataa,विश्वसनिययता,विश्वसनीयता
1558,rehman,रहमान,रहमान
1559,kanblon,कांबलों,कंबलों
1560,aaryika,आर्यिका,आर्यिका
1561,marrej,मर्रेज,मैरेज
1562,chheenk,छींक,छींक
1563,phalata,फलाता,फलता
1564,baagoraa,बागोरा,बागोरा
1565,pakaude,पकौडे,पकौड़े
1566,lucie,लूसी,लूसी
1567,fatehgadh,फतेहगढ़,फतेहगढ़
1568,grahanakaal,ग्रहणकाला,ग्रहणकाल
1569,jobs,जॉब्स,जॉब्स
1570,sadanand,सदानंद,सदानंद
1571,dutt,डत्त,दत्त
1572,murgeepalan,मुरगगीपालन,मुर्गीपालन
1573,lurhakate,लूरहाकते,लुढ़कते
1574,palmonari,पाल्मोनारी,पल्मोनरी
1575,win,वाईन,डब्ल्यूआईएन
1576,ubhaara,उभारा,उभारा
1577,beck,बेक,बेक
1578,padaraunaa,पदरौना,पडरौना
1579,bandhate,बंधाते,बांधते
1580,kapoor,कपूर,कपूर
1581,sevaala,सेवाला,सेवाला
1582,vershan,वर्षण,वर्शन
1583,chidhate,चिढ़ते,चिढ़ते
1584,thane,थाने,थाणे
1585,nikalogi,निकलोगी,निकलेगी
1586,mogali,मोगाली,मोगली
1587,dredger,ड्रेडर,ड्रेजर
1588,nagarik,नागरिक,नागारिक
1589,gajipur,गजीपुर,गाजीपुर
1590,vadak,वडक,वादक
1591,mitchell,मिशेल,मिचेल
1592,gyatvy,ग्ञात्वी,ज्ञातव्य
1593,standhaari,स्तनधारी,स्तनधारी
1594,dhoraaji,धोराजी,धोराजी
1595,abdunnaasir,अब्दुन्नासिर,अब्दुन्नासिर
1596,vishvwandhya,विश्ववंध्या,विश्ववंद्या
1597,satyaarthprakash,सत्यार््प्रकाश,सत्यार्थप्रकाश
1598,shivamogga,शिवामोग्ग,शिवमोगा
1599,ghumakkdi,घुमक्कड़ी,घुमक्कड़ी
1600,gayen,गयें,गाएं
1601,chee,चीई,ची
1602,theateron,थिटेरोन,थिएटरों
1603,anadhikaarik,अनधिकारिक,अनाधिकारिक
1604,shasak,शसक,शासक
1605,hines,हाइनो,हाइंस
1606,bettiah,बट्ट्याह,बेतिया
1607,dhatna,धातना,धटना
1608,rahamat,रहमत,रहमत
1609,motihari,मोतीहारी,मोतिहारी
1610,pearson,परसन,पियरसन
1611,ujback,उजबैक,उज़्बेक
1612,wheeling,व्हीलिंग,व्हीलिंग
1613,pythogaras,पायथोगारास,पाइथागोरस
1614,wipro,वाप्रो,विप्रो
1615,kaabiletaareef,काबिलेतेराफ,काबिलेतारीफ
1616,jamaate,जमाते,जमाती
1617,pulam,पुलम,पुलम
1618,daubaaraa,दौबरा,दौबारा
1619,portillo,पोर्टिलो,पोर्टिलो
1620,adhik,अधिक,अधीक
1621,dhumrapaan,धूम्रपाँ,धुम्रपान
1622,daampatya,दाँपत्य,दांपत्य
1623,jamudiya,जामुडिया,जामुड़िया
1624,pedoo,पेडू,पेडू
1625,pipra,पिप्र,पिपरा
1626,blair,ब्लेयर,ब्लेयर
1627,communications,कम्मुनिकेशन्स,कम्यूनिकेशन्स
1628,alayans,अलायन्स,अलायंस
1629,aradas,अरदस,अरदास
1630,gudna,गुडना,गुदना
1631,just,जस्ट,जस्ट
1632,aawajon,आवाजों,आवाज़ों
1633,benvar,बेनवार,बेंवर
1634,amarillo,अमरिलो,अमारिलो
1635,bramhaand,ब्रम्हाण्ड,ब्रह्माण्ड़
1636,dikhai,दिखाई,दिखार्इ
1637,tantro,तंत्रो,तंत्रों
1638,aasan,आस्न,आसान
1639,tuglakabad,तुगलाकाडाब,तुगलकाबाद
1640,sutton,सुटन,सट्टन
1641,kandrour,कांदरर,कंदरौर
1642,khanna,खान्ना,खन्ना
1643,nikalani,निकलनी,निकालनी
1644,dibanoo,दिबननू,डिबनू
1645,immachyoritee,इम्माच्योरिटी,इम्मैच्योरिटी
1646,tolaasan,तोलासन,तोलासन
1647,jaanaakaree,जानाकरी,जानाकरी
1648,liwaal,लीवाल,लिवाल
1649,engeline,एंजलाइन,एंजेलिन
1650,rushitaa,रुशिता,ऋषिता
1651,flint,फ्लिंट,फ्लिंट
1652,vrishchikahsaptah,वृष्चिक्षहप्ता,वृश्चिकःसप्ताह
1653,aasmatee,आसमती,आसमती
1654,girkar,गिरकर,गिरकर
1655,vaigyaanik,वैज्ञानिक,वैज्ञानिक
1656,bishadhee,बिशधी,बिशड़ी
1657,phoolatee,फूलती,फूलती
1658,punahsthapana,पुनःस्थापना,पुनःस्थापना
1659,badh,बढ़,बाध
1660,gandha,गांधा,गंध
1661,chakshu,चक्शु,चक्षु
1662,miktaam,मिकताम,मिकटॉम
1663,liidaron,लिइडारों,लीडरों
1664,zabardast,जाबरदस्त,ज़बर्दस्त
1665,stuti,स्तुति,स्तुति
1666,aurato,औराटो,औरतो
1667,heblikar,हेबलिकर,हेब्लिकर
1668,rattebaajee,रत्तबेजी,रट्टेबाजी
1669,francisca,फ्रैंसिक्सा,फ्रांसिस्का
1670,mumba,मुंबा,बंबा
1671,pratiyukti,प्रतियुक्ति,प्रतियुक्ति
1672,darati,दरती,डराती
1673,pranon,प्रनों,प्राणों
1674,madison,मैडिसन,मेडिसन
1675,nibhaaegee,निभाएगी,निभाएगी
1676,myers,मायर्स,मयर्स
1677,kashyap,काश्यप,कश्यप
1678,brigadier,ब्रिगिडर,ब्रिगेडियर
1679,ambikaaon,अम्बिकाओं,अम्बिकाओं
1680,hogaah,होगाह,होगाः
1681,ishaak,इशाक,इशाक
1682,sumi,सुमी,सुमि
1683,deshbhaktimaya,देशभकतिमय,देशभक्तिमय
1684,dharmapatriyaan,धर्मपत्रियां,धर्मपत्रियां
1685,krishnanagar,कृष्णनगर,कृष्णानगर
1686,ea,ईए,ईए
1687,aayudhnirmaanee,आयुधनिर्मणि,आयुधनिर्माणी
1688,taaja,ताज,ताजा
1689,ajasra,अजस्रा,अजस्र
1690,fijulkharchi,फिजलूखरखी,फिजूलखर्ची
1691,mantrayon,मंत्रायों,मंत्रयों
1692,tanta,तंता,तांता
1693,dealership,डीलर्शिप,डीलरशिप
1694,chapel,चापेल,चैपल
1695,dhwanimikon,ध्वनिमिकों,ध्वनिमिकों
1696,education,एडुक्शन,एजुकेशन
1697,jarakh,जरख,जरख
1698,neet,नित,नीट
1699,jilawaasiyon,जिलावासियों,जिलावासियों
1700,samprabhuta,संप्रभुता,संप्रभुता
1701,kasegaa,कसेगा,कसेगा
1702,pakanevala,पकनेवेला,पकानेवाला
1703,deepn,दीपन,दीपन
1704,kalasaanaa,कलसाना,कलसाना
1705,mugaalataa,मुगालता,मुगालता
1706,tokne,टोकने,टोकने
1707,falibhoot,फलीभूत,फलीभूत
1708,gyonth,ज्योन्थ,ग्योंठ
1709,dikhaai,दिखाई,दिखार्इ
1710,shaamjeebhaaee,शामजीभाई,शामजीभाई
1711,pahnaakar,पहनाकर,पहनाकर
1712,kisaani,किसानी,किसानी
1713,udhaaradaataaon,उधारड़ाताओं,उधारदाताओं
1714,ramtek,रामतेक,रामटेक
1715,wyaakhyaatmaktaa,व्याखयाा्त्मका,व्याख्यात्मकता
1716,somvaar,सोमवार,साेमवार
1717,vista,विस्ता,विस्टा
1718,polimer,पोलिमर,पॉलिमर
1719,raktaabh,रक्तभ,रक्ताभ
1720,bhugta,भुगता,भुगता
1721,bhrashtachareeyon,भ्रष्टाचारियों,भ्रष्टाचारीयों
1722,khatakti,खटकती,खटकती
1723,mukhyamantriyon,मुख्यमंत्रियों,मुख्यमन्त्रियों
1724,mad,मद,मैड
1725,kakshaang,कक्षांग,कक्षांग
1726,jain,जेन,जैन
1727,mahin,माहिन,महीन
1728,survana,सुरवाना,सुर्वणा
1729,baangarotiya,बाँगरोटीय,बांगरोटिया
1730,rasaayanik,रसानिक,रसायनिक
1731,aurora,औरोरा,औरोरा
1732,chamchagiree,चमचगिरे,चमचागिरी
1733,ncrwc,एनसीआरएससी,एनसीआरडब्ल्यूसी
1734,ainthey,ऐंटी,ऐंठे
1735,essel,एस्सईएल,एस्सेल
1736,deshsewa,देशसेवा,देशसेवा
1737,ilectrotecs,इलेक्ट्रोटेक्स,इलेक्ट्रोटेक्स
1738,workcharge,वर्कचार्ज,वर्कचार्ज
1739,kaarwaai,कारवाई,कार्वाई
1740,jhanktaa,झंकटा,झांकता
1741,urgent,यर्जेंट,अर्जेंट
1742,sapraman,सप्रमन,सप्रमाण
1743,maurya,मौर्या,मौर्यों
1744,jini,जिनी,जिनी
1745,jagadeeshachandra,जगदीशांद्र,जगदीशचंद्र
1746,asurakshit,असुरक्षित,असुरक्षित
1747,kaavyoktiyaan,काव्योक्तियाँ,काव्योक्तियां
1748,alnkaar,अलंकार,अलंकार
1749,svadpremiyon,स्वद्प्रिमेयों,स्वादप्रेमियों
1750,jaatak,जाटक,जातक
1751,rollers,रोलर्स,रोलर्स
1752,ashaktataa,अशक्तता,अशक्तता
1753,kaathiyavadee,काठियावडी,काठियावड़ी
1754,aavriti,आवरतीत,आवृत्ति
1755,vidyaayein,विद्यायें,विद्याएं
1756,vidhivat,विधिवत,विधिवत
1757,raadhe,राढे,राधे
1758,mukhyamantrisamvaaddaata,मुख्यमंत्रीदंसीताा,मुख्यमंत्रीसंवाददाता
1759,praansangalee,प्रांसंगली,प्राणसंगली
1760,kanalog,कनलोग,कनलोग
1761,pudukkottai,पुदुक्तोत्ई,पुदुकोट्टई
1762,nicky,निकी,निकी
1763,fuhadtaa,फुहादता,फूहड़ता
1764,patachep,पतचेप,पटाक्षेप
1765,retreate,रिट्रीटे,रीट्वीट
1766,manovaigyaaniyon,मनोवैज्ञानियों,मनोवैज्ञानियों
1767,stanadhari,स्तनाधारी,स्तनधारी
1768,mukhyopadhyaay,मुख्यपोध्याय,मुखोपाध्याय
1769,nirbaadh,निरबाद,निर्बाध
1770,todne,टोडने,तोडऩे
1771,avuti,अवुति,आवृत्ति
1772,parikshankartaon,परीक्षणकर्ताओं,परीक्षणकर्ताओं
1773,extactor,एक्सटैक्टर,एक्सटेक्टर
1774,nashik,नशिक,नाशिक
1775,rasayanon,रसायनों,रसायनों
1776,vaitravati,वैत्राती,वैत्रवती
1777,ogrenaaij,ओग्रेनाज,ऑग्रेनाइज
1778,chausingha,चौसिंहा,चौसिंगा
1779,phalodi,फलोड़ी,फलोदी
1780,skhalan,स्कलन,स्खलन
1781,panaamaa,पनामा,पनामा
1782,nigar,निगर,निगर
1783,monte,मोंटे,मोंटे
1784,suneeti,सुनीति,सुनीति
1785,shrabon,श्रबों,शराबों
1786,ambikaon,अम्बिकाओं,अम्बिकाओं
1787,gujara,गुजारा,गुजारा
1788,photofrem,फोटोफ्रेम,फोटोफ्रेम
1789,prahlaad,प्रहलाद,प्रहलाद
1790,beesavaan,बीसवां,बीसवां
1791,dvivedi,द्विवेदी,द्विवेदी
1792,denewaali,देनेवाली,देनेवाली
1793,burleson,बुर्ेलोन,बर्ल्सन
1794,bharadwaj,भरद्वाज,भारद्वाज
1795,jataati,जताती,जताती
1796,malegaon,मालेगांव,मालेगांव
1797,rahugaan,राहुगां,रहुगाँ
1798,mahamantra,महामंत्रा,महामंत्र
1799,beast,बीअस्ट,बीस्ट
1800,divyata,दिव्यता,दिव्यता
1801,sanjivan,संजीवन,संजीवन
1802,kuposhit,कुपोषित,कुपोषित
1803,eksclation,एक्स््लेशन,एक्सक्लेशन
1804,chadhega,चढ़ेगा,चढ़ेगा
1805,texarkana,टेक्कर्ाना,टेक्सरकाना
1806,dungerpur,दुंगरपुर,डूंगरपुर
1807,sarahi,सराही,सराही
1808,laalaparee,लालापरी,लालपरी
1809,aeronautics,एरोनोटिक्स,एरोनॉटिक्स
1810,worth,वोर्थ,वर्थ
1811,aasteen,आस्तीन,आस्तीन
1812,svapnika,स्वप्निका,स्वप्निका
1813,upakaaryaalayon,उपकारयाययों,उपकार्यालयों
1814,mimicry,मिमीक्री,मिमिक्री
1815,ballabh,बल्लभ,बल्लभ
1816,veriphication,वैरीफिकेशन,वैरीफ़िकेशन
1817,hackensack,हैकेंसैक,हैकेंसैक
1818,aakaash,आकाश,आकाश
1819,bona,बोना,बोना
1820,clock,क्लॉक,क्लाक
1821,daphan,दफन,द़फन
1822,pegav,पेगव,पेगव
1823,kahlaya,कहलाया,कहलाया
1824,madheekhedha,मधीखेधा,माड़ीखेड़ा
1825,teleebag,तेलीबाग,तेलीबाग
1826,dhaarak,धारक,धारक
1827,nikaalani,निकालनी,निकालनी
1828,kanghe,कांघे,कंघे
1829,prashnottari,प्रश्नोत्तरी,प्रश्नोत्तरी
1830,kakinada,ककीनदा,काकीनाड़ा
1831,bhaagyoday,भागयोयद,भाग्योदय
1832,singer,सिंगर,सिंगार
1833,machaye,मचाए,मचाए
1834,lekhakganon,लेखाकगानों,लेखकगणों
1835,uchhalne,उछलने,उछालने
1836,dharmarajne,धर्मराजने,धर्मराजने
1837,ainjal,ऐंजल,ऐंजल
1838,bantata,बंटता,बंटता
1839,pharm,फार्म,फाॅर्म
1840,ravel,रावेल,रवैल
1841,hanumangarh,हनुमानगढ़,हनुमानगढ़
1842,veeraangnaaon,वीरगंगाओं,वीरांगनाओं
1843,gaytri,गैत्री,गायत्री
1844,venkatraman,वेंकटरममण,वेंकटरमन
1845,dibnoo,दिबनू,डिबनू
1846,purooshottamachaary,पुरूषोष्टमात्य,पुरूषोत्तमाचार्य
1847,sanyojakon,संयोजकों,संयोजकों
1848,jhaauganj,झाऊगंज,झाउगंज
1849,sarkaren,सरकरें,सरकारें
1850,newtest,न्यूटेस्ट,न्यूटेस्ट
1851,shrikar,श्रीकर,श्रीकर
1852,mitaao,मिताओ,मिटाओ
1853,diyotsiddh,दियोत्सदद्ध,दियोटसिद्ध
1854,bhoopsingh,भूपसिंह,भूपसिंह
1855,charchaaen,चर्चाएं,चर्चाएँ
1856,prasarakon,प्रसारकों,प्रसारकों
1857,nishpaap,निषपाप,निष्पाप
1858,flin,फ्लाइन,फ्लिन
1859,ranneetibanaa,रणीतीबाना,रणनीतिबना
1860,eeaarjee,ईयार्ज़,ईआरजी
1861,dhaagaa,ढागा,धागा
1862,gomukh,गोमुख,गौमुख
1863,jud,जुद,जूड
1864,khanikarmi,खानिकार्मी,खनिकर्म
1865,sharabh,शरभ,शरभ
1866,arellano,एरेल्लनो,अरेलानो
1867,ukhadhakar,उखाधकार,उखड़कर
1868,lenevali,लेनेवाली,लेनेवाली
1869,kumar,कुमार,कुमार
1870,singhde,सिंघड़े,सिंघाड़े
1871,toncil,टॉनसिल,टोंसिल
1872,davindarpal,दविंदरपाल,दविन्दरपाल
1873,singaar,सिंगार,सिंगार
1874,khisakate,खिसकते,खिसकते
1875,enid,एनिड,एनिड
1876,megapixal,मीगापिस्कल,मेगापिक्सल
1877,digvijay,दिज्वीजय,दिग्विजय
1878,fazalon,फ़ज़ालों,फजलों
1879,doge,डोगे,दोगे
1880,labelon,लबेलों,लेबलों
1881,munafa,मुनाफ,मुनाफा
1882,badhane,बढ़ेने,बड़ने
1883,very,वेरी,वैरी
1884,saatsera,सात्सेरा,सातसेरा
1885,ortega,ओर्टेगा,ओर्टेगा
1886,rowe,रोवे,रोवे
1887,bhatia,भटिया,भाटिया
1888,raajsthanwasiyon,राजस्थानवासियों,राजस्थानवासियों
1889,baagbageechon,बागबीगचों,बागबगीचों
1890,wilkinson,विलकिंसन,विल्किंसन
1891,daraati,दराती,डराती
1892,atke,अटके,अटके
1893,pramukhataapoorwak,प्रमुखतापूरकव,प्रमुखतापूर्वक
1894,yatna,याटना,यत्न
1895,nitin,नितीन,नितिन
1896,city,सिटी,सिटी
1897,radico,रेडिको,रेडिको
1898,dukanon,दुकानों,दुकानों
1899,jalsansadhan,जलसंसाधन,जलसंसाधन
1900,masyendranath,मस्येन्द्रनाथ,मत्स्येंद्रनाथ
1901,behar,बेहर,बिहार
1902,barsheey,बरशीय,बर्षीय
1903,avru,अवरू,अवरु
1904,daw,डी,दाव
1905,naqab,नक़ब,नक़ाब
1906,saregama,सरेगमा,सारेगामा
1907,hugli,हुगली,हुगली
1908,satti,सत्ती,सत्ती
1909,neg,नेग,नेग
1910,mahabaleshwar,महाबलेश्वर,महाबलेश्वर
1911,placentia,प्लेसेंशिया,प्लेसेंटिया
1912,varsaache,वरसाचे,वर्साचे
1913,kumau,कुमौ,कुमाऊ
1914,emi,एमी,एमी
1915,theatrs,थियट्र्स,थियेटर्स
1916,erika,इरिका,एरिका
1917,khinchakar,खिंचाकर,खिंचकर
1918,raubadar,रायबदर,रौबदार
1919,alto,अल्टो,ऑल्टो
1920,kavyavidhaaon,काव्यविधाओं,काव्यविधाओं
1921,coon,कून,कून
1922,akron,अकरों,अक्रोन
1923,tahkhaana,तहखाना,तहखाना
1924,samajjanon,समाजजनों,समाजजनों
1925,machaaye,मचाए,मचाए
1926,suryadev,सूर्यदेव,सूर्यदेव
1927,prathamik,प्रथमिक,प्राथमिक
1928,pravritriyon,प्रवृत्रियों,प्रवृत्रियों
1929,taajaa,ताजा,ताजा
1930,jivanshaili,जीवनशैली,जीवनशैली
1931,raktdaataaon,रक्तदाताओं,रक्तदाताओं
1932,baleshwar,बलेश्वर,बालेश्वर
1933,bhautikwaadiyon,भौतिकवादियों,भौतिकवादियों
1934,lagaateen,लगातीं,लगातीं
1935,jhaiyaan,झइयान,झाइयां
1936,vanshvaad,वंशवाद,वंशवाद
1937,navanagar,नवनागर,नवानगर
1938,najarandaaz,नजरान्दज,नजरंदाज
1939,anshaankan,अंशानकन,अंशांकन
1940,funkane,फुंकने,फुंकने
1941,matpatron,मतपत्रों,मतपत्रों
1942,module,मोडुले,मॉड्यूल
1943,farms,फार्म्स,फार्म्स
1944,pahunchogee,पहुंचोगी,पहुंचोगी
1945,maidi,माइदी,मैडी
1946,thief,थीएफईएफ,थीफ
1947,pfaudler,प्पोल्डर,फाउडलर
1948,amit,अमित,अमित
1949,poorvabhadrapad,पूर्वभाद्राप,पूर्वाभाद्रपद
1950,landara,लंडारा,लंगड़ा
1951,gonpo,गोनपो,गोंपो
1952,vesle,वेसले,वेस्ले
1953,shaao,शाओ,शाओ
1954,hamidan,हमीदान,हामिदन
1955,weeks,वीक्स,वीक्स
1956,mineral,मिनेराल,मिनरल
1957,centennial,सेंटटननल,सेंटेंनियल
1958,bastiyo,बस्तियो,बस्तियो
1959,bagbagichon,बगबगिचों,बागबगीचों
1960,pranit,प्रानित,प्रनीत
1961,bhedabhaavon,भेड़भावों,भेदभावों
1962,karaahanaa,करहना,कराहना
1963,greenville,ग्रीनविले,ग्रीनविल
1964,sherawat,शेरावत,सहरावत
1965,ralaud,रालौद,रालोद
1966,jatakon,जटकों,जातकों
1967,rishte,रिश्ते,रिश्ते
1968,bentonville,बेन्टोंविले,बेंटनविल
1969,najibabaad,नाजीबाबाद,नजीबाबाद
1970,financiers,फाइनांसर्स,फाइनेंसर्स
1971,phatahee,फतही,फटही
1972,kerala,केराला,केरला
1973,ladaaiyon,लड़ाइयों,लड़ाईयों
1974,harijan,हरिजन,हरिजन
1975,whitaker,व्हिटकर,वाईटेकर
1976,vidisha,विदिशा,विदिशा
1977,paul,पौल,पॉल
1978,aryon,अर्यों,आर्यों
1979,khilana,खिलाना,खिलाना
1980,chhutane,छूटने,छूटने
1981,dukhiyon,दुखियों,दुखियों
1982,poorneshwari,पूर्णेश्वरी,पूर्णेश्वरी
1983,visabal,विसबल,विसबल
1984,daramyanee,दरम्यानी,दरम्यानी
1985,yari,यारी,यारी
1986,vidhamaan,विधामान,विधमान
1987,yatraein,यतराएं,यात्राएं
1988,sunteck,सनटेक,सनटेक
1989,gujarata,गुजराता,गुजारता
1990,niyanta,नियांता,नियंता
1991,dum,डूम,डम
1992,awasthi,अवास्थी,अवस्थी
1993,plus,प्लस,पल्स
1994,bhen,भेन,भें
1995,stops,स्टॉप्स,स्टॉप्स
1996,dhakelte,ढकेलते,धकेलते
1997,kpo,केपीओ,केपीओ
1998,damghontu,दामघोंतु,दमघोंटू
1999,insano,इंसानो,इंसानो
2000,merraige,मेराइग,मैरेज
2001,asfalt,अस्फल्ट,एस्फाल्ट
2002,laundry,लौंड्री,लॉन्ड्री
2003,ratnaabhooshan,रत्नभूषण,रत्नाभूषण
2004,ski,एसकीआई,स्की
2005,dushwaariyon,दुश्वारियों,दुश्वारियों
2006,anupryogon,अनुप्रयोगों,अनुप्रयोगों
2007,deshseva,देशसेवा,देशसेवा
2008,lela,लेला,लेलऽ
2009,jagaragallu,जगगरल््लू,जगारागल्लू
2010,mejbani,मेजबनी,मेजबानी
2011,dehri,देहरी,डेहरी
2012,chkkar,चक्कर,चक्कर
2013,crawford,क्राफोर्ड,क्रोफोर्ड
2014,guduri,गुडुरी,गुदुरी
2015,dvc,डीवीसी,डीवीसी
2016,prakriyagat,प्रक्रियगत,प्रक्रियागत
2017,nag,नग,नग
2018,matsyavatar,मत्स्यवतार,मत्स्यावतार
2019,scootaron,स्कूटरों,स्कूटरों
2020,ardhavishvas,अर्धविश्वास,अर्धविश्वास
2021,daramyaanee,दरम्यानी,दरम्यानी
2022,survanaa,सूरवाना,सुर्वणा
2023,sthitiyan,स्थितियां,स्थितियां
2024,dharmaanand,धर्मानंद,धर्मानंद
2025,sofner,सोफनर,सॉफ़्नर
2026,squash,स्क्वैष,स्क्वैश
2027,vidhansabhaen,विधानसभाएँ,विधानसभाएं
2028,randolph,रैंडोल्प,रैंडोल्फ
2029,mezbaan,मेज़ाान,मेज़बान
2030,sprit,स्पृत,स्प्रिट
2031,sheelabhang,शीलभंग,शीलभंग
2032,kalmein,कलमें,कलमें
2033,swarnikaa,स्वर्णिका,स्वर्णिका
2034,mandi,मादी,मंडी
2035,arthawyavasthataaon,अर्थावयस्वतााओं,अर्थव्यवस्थताओं
2036,kundaliya,कुंडलिया,कुंडलियाँ
2037,nimkathana,निमकथाना,नीमकाथाना
2038,farm,फर्म,फाॅर्म
2039,hatyaaropit,हत्यारोपीत,हत्यारोपित
2040,putta,पुट्टा,पुट्टा
2041,faurensis,फुरेंसिस,फारेंसिस
2042,purooshottamachary,पुरूषोष्टमार्य,पुरूषोत्तमाचार्य
2043,bonds,बॉंड्स,बॉंन्ड्स
2044,shikaayatkartaa,शिकायतकर्ता,शिकायतकर्ता
2045,cronfrencing,क्रोनफ्रेंसिंग,क्रान्फ्रेंसिंग
2046,ubal,उबल,उबाल
2047,baabaao,बाबाओ,बाबाओ
2048,halmatpura,हालमाटपुरा,हलमतपुरा
2049,haqeeqat,हाकीका,हकीकत
2050,barman,बरमान,बर्मन
2051,vartmaan,वर्तमान,वर्तमान
2052,baantin,बांटीं,बांटीं
2053,achanbha,अचनभा,अचंभा
2054,jiwanparyant,जीवनपर्यंत,जीवनपर्यंत
2055,wadara,वादारा,वदरा
2056,sadaqen,सदाकें,सडक़ें
2057,aisa,एएससए,एेसा
2058,jyotishyshastron,ज्योतिष्यात्स्रों,ज्योतिष्यशास्त्रों
2059,pythagoras,पाथथागोरास,पाइथागोरस
2060,engelin,एंजलिन,एंजेलिन
2061,kapolkalpana,कपोलकालपाना,कपोलकल्पना
2062,dropadiyon,द्रोपादियों,द्रोपदियों
2063,rozlyn,रोजलीन,रोजलिन
2064,sriram,श्रीराम,श्रीराम
2065,gopaalak,गोपालक,गोपालक
2066,bangbandhu,बांगबंधु,बंगबंधु
2067,mistriyan,मिस्त्रियां,मिस्त्रियां
2068,usay,उसय,उसेे
2069,mercado,मरकेडो,मर्काडो
2070,maisore,मैसोर,मैसोर
2071,offshor,आफशशर,ऑफशोर
2072,kapurthala,कपूर्थला,कपूरथला
2073,sahovaliya,सहोवलीया,साहोवालिया
2074,maladahiya,मलदहिया,मलदहिया
2075,hymen,हाइमेन,हाइमन
2076,indaurnagar,इंदौरनगर,इंदौरनगर
2077,visheshagyataon,विशेषायग्ताओं,विशेषज्ञताओं
2078,usaki,उसकी,उसकी
2079,caplin,कैपलिन,कैपलिन
2080,mahapran,महाप्रण,महाप्राण
2081,rupesh,रुपेश,रुपेश
2082,reno,रेनो,रिनो
2083,sudeepton,सुदीपटों,सुदीप्तों
2084,swamy,स्वमी,स्वामी
2085,amara,आमारा,अमारा
2086,vyavasthaamoolak,व्यवस्थामूलक,व्यवस्थामूलक
2087,sensing,सेंसिंग,सेंसिंग
2088,tyler,टाइलर,टाइलर
2089,sangareddi,संगररेड्डी,संगारेड्डी
2090,pehno,पेहनो,पहनो
2091,mardani,मार्नानी,मरदानी
2092,bamleshwaree,बमलेश्वरी,बम्लेश्वरी
2093,deewani,दीवानी,दिवानी
2094,fincorp,फिनकॉर्प,फिनकॉर्प
2095,navaa,नवा,नवा
2096,shimat,शिमत,शिमट
2097,sohawal,सोहावल,सोहावल
2098,banaam,बनाम,बनाम
2099,prawrutriyon,प्रवर्त्रियों,प्रवृत्रियों
2100,xiong,क़ोंग,शियोंग
2101,varsted,वार्स्टड,वर्स्टेड
2102,raajon,राजों,राजों
2103,cheekhana,चीखना,चीखना
2104,naimul,नाइमल,नैमुल
2105,badhotri,बधोतरी,बढ़ोतरी
2106,antony,एंटोनी,एंटोनी
2107,chhanyasa,छन्यास,छांयसा
2108,nirdeshikaa,निर्देशिका,निर्देशिका
2109,niptaaraa,निपटारा,निपटारा
2110,judne,जुडने,जुडने
2111,sujhati,सुझती,सुझाती
2112,pathalogist,पथलोजिस्ट,पैथेलॉजिस्ट
2113,tide,टाडे,टाइड
2114,shrungar,श्रंगर,शृंगार
2115,braandes,ब्रांडस,ब्रान्डेस
2116,parmeshvarpur,परमेश्वरपुर,परमेश्वरपुर
2117,jedateeisaaft,जेडीतासीफ्त,जेडटीईसाफ्ट
2118,uddhaatan,उद्धातन,उद्धाटन
2119,stan,स्टान,स्टैन
2120,aadivaadiyon,आदिवादियों,आदिवादियों
2121,julaahon,जुलाहों,जुलाहों
2122,maharaja,महाराजा,महाराजा
2123,gatishilata,गतिशीलता,गतिशीलता
2124,shipra,शिपरा,शिप्रा
2125,tribunal,ट्रिबुनल,ट्रिब्युनल
2126,khyber,खाइबर,ख़ैबर
2127,wanvibhag,वनविभाग,वनविभाग
2128,ghataatop,घटातोप,घटाटोप
2129,dharmagranthon,धर्मग्रंथों,धर्मग्रंथों
2130,prawrittiyon,प्रावृत्तियों,प्रवृत्तीयों
2131,gaanth,गाँथ,गांठ
2132,mysore,माइसोर,मैसोर
2133,sehgal,सेहगल,सहगल
2134,namkin,नमकिन,नमकीन
2135,vaidh,वाध,वैध्
2136,vanaspatiyaan,वनस्पतियां,वनस्पतियाँ
2137,jiangkou,जियंग्काओ,जियांगकोऊ
2138,pakhandi,पखंडी,पाखंडी
2139,protekts,प्रोटेक्ट्स,प्रोटेक्ट्स
2140,elbaino,एलबाइनो,एल्बाइनो
2141,linden,लिन्डन,लिंडेन
2142,sohaval,सोहवल,सोहावल
2143,bhurbhura,भुरभूरा,भुरभुरा
2144,gastrology,गेस्ट्रोलॉजी,गैस्ट्रोलॉजी
2145,widroop,विदरूप,विद्रूप
2146,sajsajja,सजसज्ज,साजसज्जा
2147,raatrichar,रात्रीचर,रात्रिचर
2148,rojana,रोजना,रोजना
2149,jalbhrav,जलभर्व,जलभराव
2150,montgomery,मांटगोमेरी,मोंटगोमरी
2151,sev,सेव,सेव
2152,bhrastrachariyon,भ्रस्त्राचारियों,भ्रष्ट्राचारियों
2153,dwn,डीवीएन,डीडब्ल्यूएन
2154,streshan,स्त्रेशन,स्ट्रेशन
2155,ganthe,गांठे,गांठे
2156,gehlot,गेहलोट,गहलोत
2157,chhateni,छतेनी,छतेनी
2158,vishwasniiya,विश्वसनीय,विश्वसनीय
2159,jivaniyan,जीवानियं,जीवनियां
2160,dastaanen,दस्तानें,दस्तानें
2161,dhona,धोना,धोना
2162,kharuwaar,खरुवार,खरुवार
2163,suriname,सूरिनामे,सूरीनाम
2164,mangalsinh,मंगलसिंह,मंगलसिंह
2165,anyonyashritta,अन्योन्याषृत्त,अन्योन्याश्रितता
2166,ninties,निंटीज,नाइनटीज
2167,paancholaas,पांचोलास,पांचोलास
2168,reson,रेसन,रेसों
2169,vaataanukooliton,वातनुकीलोटों,वातानुकूलितों
2170,chatushkoniya,चतुष्कोनिया,चतुष्कोणीय
2171,aamdi,आआमडीआई,आमदी
2172,dushtaapurvak,दुष्टपूर्वक,दुष्टतापूर्वक
2173,bechate,बेचते,बेचते
2174,chuka,चूका,चौका
2175,mizoram,मिज़ोरम,मिज़ोरम
2176,torrance,टारेंस,टोरेंस
2177,anuchit,अनुचित,अनुचित
2178,avarodhak,अवरोधक,अवरोधक
2179,ross,रॉस,रॉस
2180,achyut,अच्युत,अच्युत
2181,oodhami,ऊधमी,ऊधामी
2182,haraval,हरवल,हरावल
2183,gould,गॉल्ड,गोल्ड
2184,daaw,दाव,दाव
2185,srijanvigyanee,स्रीजनविज्ञानी,सृजनविज्ञानी
2186,nextgen,नेक्ट्जनेन,नेक्स्टजेन
2187,rukavaton,रुकवतों,रूकावटों
2188,bhavanaon,भावानाओं,भावनाओं
2189,dehdhaari,देहधारी,देहधारी
2190,parikhaen,परिखाएं,परीक्षाएं
2191,utaney,उतने,उतने
2192,sanskrition,संस्क्रितें,संस्कृतिओं
2193,prospex,प्रोस्पेक्स,प्रॉस्पेक्स
2194,naeedilli,नादिल्ली,नईदिल्ली
2195,saayn,सां,सायं
2196,geneva,गेनेवा,जिनीवा
2197,rasad,रसाद,रसद
2198,baramula,बारामुला,बारामुला
2199,vandemataram,वंडेमतरम,वन्देमातरम्
2200,safari,सफारी,सफारी
2201,chamba,चांबा,चम्बा
2202,sawal,सवाल,सवाल
2203,bannari,बन्नरी,बन्नारी
2204,fatehpur,फ़तेहपुर,फ़तेहपुर
2205,pehnate,पहनाते,पहनता
2206,spray,स्प्रे,स्प्रे
2207,normal,नॉर्मल,नॉर्मल
2208,allout,अलाट,ऑलआउट
2209,manassas,मानससस,मनासस
2210,mantriyonke,मंत्रियोंके,मंत्रियोंके
2211,karyakaryakartaon,कार्यकार्रतताकाओं,कार्यकार्यकर्ताओं
2212,phaadanhe,फाड़ने,फाडऩे
2213,greg,ग्रेग,ग्रेग
2214,baitool,बैटूल,बैतूल
2215,kushan,कुशान,कुषाण
2216,subbanee,सुब्बानी,सुब्बनी
2217,infibeam,इनफिबिम,इन्फिबीम
2218,khatakhataakar,खटकटाकार,खटखटाकर
2219,chachaji,चचाजी,चाचाजी
2220,chandrabali,चंद्राबली,चंद्रबली
2221,baripada,बरिपाड़ा,बारिपदा
2222,roohelkhand,रूहेलखंड,रूहेलखंड
2223,ghairakaanoonee,घैरकानूनी,ग़ैरकानूनी
2224,aarekhah,आरेखह,आरेखः
2225,pramukhkarmiyon,प्रमुखक्र्मियों,प्रमुखकर्मियों
2226,lee,ली,ली
2227,thiyeters,थाइइटर्स,थियेटर्स
2228,assam,अस्मा,असम
2229,faanon,फानों,फानों
2230,jyada,ज्यादा,ज़्यादा
2231,theateron,थिटेरोन,थियेटरों
2232,safaikarmi,सफाईकर्मी,सफाईकर्मी
2233,bieseses,बाइसेस,बीएसएसएस
2234,cronfrensing,क्रोनफ्रेनिंग,क्रान्फ्रेंसिंग
2235,jeevraaj,जीवराज,जीवराज
2236,thirake,थिरके,थिरके
2237,shaksubahey,शक्सुबहे,शकसुबहे
2238,paratrooper,परात्रूपर,पैराट्रूपर
2239,dabhara,दभारा,डभरा
2240,usi,यूसीआई,उसी
2241,nihsandeh,निहसांदेह,निःसंदेह
2242,mahanatam,महानतम,महानतम
2243,banthia,बंथिया,बांठिया
2244,anam,अनाम,अनम
2245,kashmir,कश्मीर,कश्मीर
2246,baavadee,बावड़ी,बावडी
2247,bhutto,भुट्टो,भुट्टो
2248,maarake,मारके,मारके
2249,kaaryayojna,कार्ययोजना,कार्ययोजना
2250,francisko,फ्रैंकिस्को,फ्रांसिस्को
2251,adani,अदनी,अदाणी
2252,dhuriyaa,धुरिया,धुरिया
2253,mhavidya,महविद्या,महाविद्या
2254,megapixel,मीगापिस्कल,मेगापिक्सल
2255,cryptocurrencyon,क्रिप्टोक्ररशियों,क्रिप्टोकरेंसियों
2256,muth,मुत,मूठ
2257,authoritee,ऑथोरिटी,ऑथोरिटी
2258,aparivartanshil,अपरिवार्तशील,अपरिवर्तनशील
2259,pradhanmantriki,प्रधानमन्त्रिकी,प्रधानमंत्रीकी
2260,aagaashe,आगाशे,आगाशे
2261,navjaagaran,नवजागरण,नवजागरण
2262,attraa,अत्रा,अट्टरा
2263,ubala,उबल,उबाला
2264,amanati,अमानती,अमानती
2265,khammam,खम्मा,खम्मम
2266,haaranaa,हारना,हारना
2267,bhavabhivyaktiyon,भवभिव्यांक्तियों,भावाभिव्यक्तियों
2268,pushkar,पुष्कर,पुष्कर
2269,shaantiyon,शांतियों,शांतियों
2270,nerolac,नेरोलैक,नेरोलेक
2271,chauka,चौका,चौका
2272,siddhalingaa,सिद्धलिंगा,सिद्दालिंगा
2273,bharatnatyam,भरतन्त्यम्,भरतनाट्यम्
2274,javabah,जवबाह,जवाबः
2275,dushwariyon,दुशवारियों,दुश्वारियों
2276,manchiy,मानचिय,मंचीय
2277,jiyo,जियो,जीयो
2278,sapramaan,सप्रमान,सप्रमाण
2279,sim,सिम,सीम
2280,peeechdablyooseees,पीचड़बालीसीय,पीएचडब्ल्यूसीएस
2281,bahav,बहाव,बहाव
2282,tik,टीक,टिक
2283,agavai,अगावै,अगवाई
2284,higman,हिगमैन,हाइमन
2285,qiwi,किवी,क्यूआईडब्ल्यूआई
2286,agyat,अज्ञात,अज्ञात
2287,agende,अजेंडे,एजेंडे
2288,lynchburg,लिनचबर्ग,लिंचबर्ग
2289,maangeena,माँगनन,मांगीना
2290,khatakhataaegee,खटकथाई,खटखटाएगी
2291,jodhikaa,जोधिका,जोधिका
2292,srujanvigyaani,स्रजनजविज्ञानी,सृजनविज्ञानी
2293,detasan,देतासन,डेटसन
2294,badalwa,बदलवा,बदलवा
2295,urf,यूआरएफ,उर्फ
2296,chhaapemaar,छापेमार,छापेमार
2297,lux,लूक्स,लक्स
2298,bhopal,भोपाल,भोपाल
2299,phalibhoot,फलीभूट,फलीभूत
2300,paithelaujist,पैथेलाजिस्ट,पैथेलॉजिस्ट
2301,paryaptta,पर्याप्त्त,पर्याप्तता
2302,furti,फर्ती,फूर्ति
2303,mrutyuniwaarak,मृत्युनीकावर,मृत्युनिवारक
2304,maruti,मरूती,मारुति
2305,uthaakar,उठाकर,उठाकर
2306,alo,एलो,एएलओ
2307,pegaw,पेगाव,पेगव
2308,pilibhit,पिलीभित,पीलीभीत
2309,somi,सोमी,सोमी
2310,sanchalnon,संचालों,संचालनों
2311,kanchipuram,कांचीपुरम,कांचीपुरम
2312,daraatee,दराती,डराती
2313,yaddasht,यद्दश्त,याद्दाश्त
2314,sabudana,सबुदाना,साबुदाना
2315,welding,वेल्डिंग,वेल्डिंग
2316,veronica,वेरोनिका,वेरोनिका
2317,stimberwala,स्टिंबरवाला,स्टिम्बेरवाला
2318,mayajaal,मयाजाल,मायाजाल
2319,pes,पेस,पेस
2320,atul,अतुल,अतुल
2321,outomaitically,आउटमेटिली,औटोमैटिकली
2322,jaanchana,जांचना,जांचना
2323,mithilanchal,मिथिलांचल,मिथिलांचल
2324,phiksingah,फिकसिंगह,फिक्सिंगः
2325,sajetee,सजेती,सजेती
2326,plano,प्लानो,प्लानो
2327,visangatiyaa,विसंगतिया,विसंगतिया
2328,khhomche,खोमचे,खोमचे
2329,lagna,लग्न,लगना
2330,mukeshwari,मुकेश्वरी,मुकेश्वरी
2331,tasvaaron,तस्वारों,तस्वारों
2332,dev,देव,देव
2333,vesh,वेश,वेश
2334,jyothy,ज्योथी,ज्योथी
2335,landal,लंडाल,लेंडल
2336,viraangnaaon,विरंगणआओं,वीरांगनाओं
2337,yanit,यानित,यनित
2338,purnia,परनिया,पूर्णिया
2339,chauk,चौक,चौक
2340,ladeen,लादीन,लड़ीं
2341,chest,चेस्ट,चेस्ट
2342,kasega,कासेगा,कसेगा
2343,abut,अबूट,एबट
2344,renuka,रेनुका,रेनुका
2345,loowe,लूवे,लूवे
2346,gulaabaag,गुलाबाग,गुलाबाग
2347,lajjalu,लज्जलू,लज्जालु
2348,sabhaar,सभार,साभार
2349,gairarashtravaadee,गैराश्रप्रदायी,गैरराष्ट्रवादी
2350,dhaavakon,धावकों,धावकों
2351,lim,लिम,लिम
2352,vidhaaein,विधाएँ,विद्याएं
2353,svayamsveekrat,स्वयंस्वीक्रत,स्वयंस्वीकृत
2354,electrotex,इलेक्ट्राट्स,इलेक्ट्रोटेक्स
2355,ramraj,रामराज,रामराज
2356,janbhavna,जनभभवाना,जनभावना
2357,yauniktaa,यौनिकता,यौनिकता
2358,haathe,हाथे,हाथे
2359,dune,दुने,दूने
2360,protects,प्रॉटेक्स,प्रोटेक्ट्स
2361,vareinye,वरेन्ये,वरेण्य
2362,mazboori,मजबूरी,मज़बूरी
2363,praveenchand,प्रीवींचंद,प्रवीनचंद
2364,vaigyanik,वैज्ञानिक,वैज्ञानिक
2365,torrent,टॉरेंट,टोरेंट
2366,aatmayen,आत्मयें,आत्माएं
2367,samprati,संप्रति,संप्रति
2368,matthe,मत्ठे,मत्थे
2369,savita,सविता,सविता
2370,atlantic,एटलांटिक,अटलांटिक
2371,jalgti,जलग्ती,जलगति
2372,chacchaa,चच्छा,चच्चा
2373,afreen,अफ्रीन,आफरीन
2374,bazaru,बजारू,बाजारू
2375,chauki,चौकी,चौकी
2376,pharse,फारसे,फरसे
2377,tuning,टुनिंग,ट्यूनिंग
2378,nodaraanee,नोदरानी,नोडरानी
2379,maum,मोम,मौम
2380,vidhaanee,विधानी,विधाणी
2381,gujar,गुजर,गुजार
2382,pakadkar,पकड़कर,पकडकर
2383,aankhen,आँखें,ऑंखें
2384,aapka,आपका,आपका
2385,warner,वार्नर,वार्नर
2386,anvaharya,अन्वहर्य,अन्वाहार्य
2387,likhehain,लिखेहैं,लिखेहैं
2388,paathyakram,पाठयक्रम,पाठ्यक्रम
2389,shavkon,शावकों,शावकों
2390,yarooshaleim,यरूशलेम,यरूशलेम
2391,mandalaayukto,मंडलायुक्तो,मण्डलायुक्तो
2392,naino,नैनो,नैनो
2393,jhaaiyaan,झाइयाँ,झाइयां
2394,simferopol,सिमरफोोॉल,सिम्फरपोल
2395,dhamm,धम्म,धम्म
2396,nikharegaa,निखारेगा,निखरेगा
2397,ghumaan,घुमां,घुमाण
2398,hounga,होंगा,होऊंगा
2399,dhakal,धकल,ढकाल
2400,sagarika,सागरिका,सागरिका
2401,bernard,बरनार्ड,बर्नार्ड
2402,yogabal,योगाबल,योगबल
2403,breweries,ब्रेवरीज,ब्रेवरीज
2404,dish,दिश,डिश
2405,aithan,एठान,ऐठन
2406,vartamaan,वर्तमान,वर्तमान
2407,tremasik,ट्रेमासिक,त्रैमासिक
2408,tasvire,तसविरे,तस्वीरे
2409,vyvhargat,व्वहारगत,व्यवहारगत
2410,maratha,मराथा,मराठा
2411,banvaa,बनवा,बनवा
2412,svarnika,स्वर्णिका,स्वर्णिका
2413,prasath,प्रसथ,प्रसाथ
2414,overall,ओवरलॉ,ओवरऑल
2415,purwafalguni,पूर्वफल्गुणी,पूर्वाफाल्गुनी
2416,properphasebook,प्रोपरेफबजबक,प्रॉपरफेसबुक
2417,suven,सुवेन,सुवेन
2418,sapate,सपते,सपाटे
2419,jh,झ्य,झ
2420,karghe,करघे,करघे
2421,deshkaal,देशकाा,देशकाल
2422,nathdwara,नथदद्वारा,नाथवाड़ा
2423,thanvi,थानवी,थानवी
2424,oran,ओरान,ओरण
2425,serrano,सेरानो,सेरानो
2426,ear,ईयूआर,इअर
2427,submission,सबमीशन,सबमिशन
2428,dharak,धरक,धारक
2429,tadad,तादाद,तदाद
2430,greenwood,ग्रीनवुड,ग्रीनवुड
2431,haute,हौते,हाउते
2432,behuria,बेहुरिया,बहुरिया
2433,niyantaaon,नियंताओं,नियंताओं
2434,churu,चुरु,चूरू
2435,missouri,मिसौरी,मिसौरी
2436,anyaya,अन्याय,अन्याय
2437,generat,जेनरट,जेनरेट
2438,nyutest,न्यूटेस्ट,न्यूटेस्ट
2439,garud,गारुड,गरुड़
2440,swaastikakaar,स्वास्तिकारा,स्वास्तिकाकार
2441,shaie,शई,शैइ
2442,siddhantavaadiyon,सिद्धांतवादियों,सिद्धांतवादियों
2443,anawashyak,अनावश्यक,अनावश्यक
2444,seaten,सीटेन,सीटें
2445,gulshan,गुलशान,गुलशन
2446,riya,रिया,रिया
2447,firmian,फरिमियन,फर्मिऑन
2448,tyre,टायर,टायर
2449,chi,ची,ची
2450,badlapur,बदलापुर,बदलापुर
2451,yuddhanaukaa,युद्धनाकौा,युद्धनौका
2452,nbcc,एनबीएसी,एनबीसीसी
2453,shreeganganagarvaasiyon,श्रीगणगांवराजियों,श्रीगंगानगरवासियों
2454,udaa,उड़ा,उदा
2455,cambridge,कैम्ब्रिज,कैंब्रिज
2456,airway,एइरवे,एयरवे
2457,idol,आईडीओएल,आइडल
2458,calumet,कालूमेट,कैल्यूमेट
2459,aajmaanaa,आजमाना,आजमाना
2460,tantrikao,तंत्रिकाओ,तंत्रिकाओं
2461,jonesboro,जोनेसबोरो,जोन्सबोरो
2462,buddhijeewon,बुद्दीजीवों,बुद्धिजीवों
2463,klozup,क्लोज़ूप,क्लोज़अप
2464,nmdc,एनएमडीसी,एनएमडीसी
2465,raashtrapit,राष्ट्रपित,राष्ट्रपित
2466,kamarhati,कमरहती,कमारहाटी
2467,asphault,एशफॉल्ट,एस्फाल्ट
2468,fransisko,फ्रांसिस्को,फ्रांसिस्को
2469,bhalla,भल्ला,भल्ला
2470,maulvidon,मौलविदों,मौलवियों
2471,narwar,नरवार,नरवर
2472,lahlahati,लहलहाती,लहलहाती
2473,byaawa,ब्यावा,ब्यावर
2474,ghataaegi,घटाएगी,घटाएगी
2475,naamajadagee,नामजदगी,नामजदगी
2476,takah,तकह,तकः
2477,sevagram,सेवाग्राम,सेवाग्राम
2478,laamiyan,लामियां,लामियां
2479,gin,जीईआन,जिन
2480,swechha,स्वेच्छ,स्वेच्छा
2481,antadiyaan,अन्तडियां,अंतडियां
2482,arya,आर्या,आर्यो
2483,polishing,पोलीसिंग,पॉलिशिंग
2484,jokhimabharaa,जोखिमाभरा,जोखिमभरा
2485,umadatee,उमदती,उमड़ती
2486,tantra,तंत्रा,तंत्र
2487,samoa,समोआ,सामोआ
2488,csi,सीएसआइ,सीएसआई
2489,mandya,मंद्या,मांड्या
2490,lawrie,लारी,लॉरी
2491,pahante,पहंते,पहनते
2492,ankor,अंकोर,अंकोर
2493,nimnavat,निम्ाावत,निम्नवत्
2494,rapping,रैपिंग,रैपिंग
2495,roopesh,रूपेश,रुपेश
2496,pratibaddhata,प्रतिबद्धता,प्रतिबद्धाता
2497,nadep,नादेप,नाडेप
2498,sailaaneepan,सैलानेत,सैलानीपन
2499,menrajya,मेनराज्य,मेंराज्य
2500,daav,दाव,दाव
2501,aaboorod,आबुरोद,आबूरोड
2502,pathyakramon,पथ्या््रमों,पाठ्यक्रमों
2503,nividaataaon,निवीदाताओं,निविदाताओं
2504,gandhipura,गांधीपुरा,गांधीपुरा
2505,phwcs,पीएफसीएस,पीएचडब्ल्यूसीएस
2506,narayangadh,नारायंगड,नारायणगढ़
2507,jaylalita,जयलीलता,जयललिता
2508,susanskrut,सुसंस्कुरत,सुसंस्कृत
2509,masood,मसूद,मसूद
2510,woonsocket,वूनसोकेट,वुनसोकेट
2511,sanskrutiyan,संस्क्रतियां,संस्कृतियां
2512,urff,यूआरएफ,उर्फ
2513,theratipally,थेराटिपल्ली,थेराटीपल्ली
2514,pratinirdesh,प्रतिनिर्देश,प्रतिनिर्देश
2515,ulhaaspur,उल्हासपुर,उल्हासपुर
2516,pahanate,पहनाते,पहनते
2517,dhawakon,धावकों,धावकों
2518,bhagedh,भागेध,भगेड़
2519,pransangali,प्रांसगलली,प्राणसंगली
2520,jalvayu,जलवायु,जलवायु
2521,bhijvaai,भिजवाई,भिजवाई
2522,sayra,सायरा,सायरा
2523,krendron,क्रेंड्रों,क्रेन्द्रों
2524,maujud,मौजूद,मौजुद
2525,siddhaant,सिद्धान्त,सिद्घांत
2526,kamyuniketars,काम्युनिकेटर्स,कम्युनिकेटर्स
2527,chidchidapan,चिड़चिडापन,चिड़चिड़ापन
2528,muthoot,मुथूत,मुथूट
2529,wiwekadhikaron,विवेकाधिकारों,विवेकाधिकारों
2530,maloun,मलों,मलौन
2531,cincinnati,सिनसीनेटी,सिनसिनाटी
2532,registan,रेगिस्टान,रेगिस्तान
2533,parosne,परोसने,परोसने
2534,vichaarakon,विचारकों,विचारकों
2535,janbhawna,जानभावान,जनभावना
2536,andaman,अंदमन,अंडमान
2537,badyal,बद्याल,बडयाल
2538,morepen,मोरेपेन,मोरपेन
2539,beard,बीअर्ड,बियर्ड
2540,nodarani,नोदरानी,नोडरानी
2541,dikhayee,दिखाए,दिखायेे
2542,chink,चिंक,छींक
2543,wyakhyatmakta,व्याख्यात्मकता,व्याख्यात्मकता
2544,shaishav,शैशव,शैशव
2545,aainthoo,आइंठू,आइंथू
2546,ahemdabadah,अहेंदाबादह,अहमदाबादः
2547,jaayke,जायके,जायके
2548,cigniti,सिगनिटी,सिग्निटी
2549,kurukshetra,कुरूक्षेत्र,कुरुक्षेत्र
2550,pravritteeyon,प्रवृत्तियों,प्रवृत्तीयों
2551,charcha,चर्चा,चर्चा
2552,lakshmeechandra,लक्ष्मीींदर,लक्ष्मीचन्द्र
2553,hammond,हैमोंड,हैमंड
2554,nibhaegi,निभाएगी,निभाएगी
2555,dhunai,धुनाई,धुनाई
2556,janbhaavna,जनभावना,जनभावना
2557,cant,केन्ट,कांट
2558,melaghaat,मेलाघाट,मेलघाट
2559,mue,एुयू,मुऐ
2560,shwing,श्विंग,श्विंग
2561,dampatya,दम्पत्या,दांपत्य
2562,kpada,कपपाड़ा,कपड़ा
2563,santati,संतती,संतति
2564,maanavtarhit,मानवत्रहीत,मानवटरहित
2565,anuprayogi,अनुप्रयोगी,अनुप्रयोगों
2566,harvey,हरवी,हार्वे
2567,kaju,काजू,काजू
2568,cerritos,सेरिटेस,सेररितोस
2569,texmaco,टेक्समाको,टेक्समैको
2570,sanchar,संचार,संचार
2571,tuth,तुथ,ट्रुथ
2572,lozano,लोज़ानो,लोज़ानों
2573,ropaney,रोपने,रोपने
2574,hollywood,हॉलीवुड,हॉलीवुड
2575,chhinke,छिंके,छींके
2576,dhamma,धम्मा,धम्मा
2577,technoplast,टेक्नोप्लास्ट,टेक्नोप्लास्ट
2578,pujapath,पूजापथ,पूजापाठ
2579,chanan,चनन,चानन
2580,shrankhalaaon,श्रंखलाओं,श्रंखलाओं
2581,chhednaa,छेड़ाना,छेड़ना
2582,carbogen,कार्बोजेन,कार्बोजेन
2583,vyavadhan,व्यवधान,व्यवधान
2584,schultz,सुल्टज,शुल्ट्ज
2585,istrailiyon,इस्तरेलियों,इस्त्राइलियों
2586,squash,स्क्वैष,स्क्वाश
2587,danville,दाविले,डैनविल
2588,prana,प्राना,प्राना
2589,thaakurvaadee,ठाकुरवाड़ी,ठाकुरवादी
2590,prayogshaastra,प्रयोगस्््त्र,प्रयोगशास्त्र
2591,wyakteeyon,व्यक्तियों,व्यक्तीयों
2592,metrologist,मेट्रोलॉजिस्ट,मैट्रोलॉजिस्ट
2593,madhura,मधुरा,मढ़ौरा
2594,paliyon,पलियों,पालियों
2595,denver,डेनवर,डेनवर
2596,apj,एपीजे,एपीजे
2597,beni,बेनी,बैनी
2598,pratisthaan,प्रतिस्थान,प्रतिस्थान
2599,bhrashtaachaariyon,भ्रष्टाचारियों,भ्रष्टाचारीयों
2600,lakeer,लकीर,लकीर
2601,sudhaargrah,सुधारग्रह,सुधारगृह
2602,sandali,संदाली,संदली
2603,jagriti,जागृति,जागृति
2604,talwar,तलवर,तलवार
2605,janashiksha,जनशिक्षा,जनशिक्षा
2606,tapuwo,तपुवो,टापुओं
2607,bulletin,बुलेटिन,बुलेटिन
2608,ballebaajee,बल्लेबाजी,बल्लेबाज़ी
2609,maadheekhedhaa,माधीखेड़ा,माड़ीखेड़ा
2610,arthshaastriyon,अर्थशास्त्रियों,अर्थशास्त्रीयों
2611,scaining,स्काइनिंग,स्कैनिंग
2612,mehman,मेहमान,मेहमान
2613,rahegi,रहेगी,रहेगी
2614,jamshedpur,जमशेदपुर,जमशेदपुर
2615,tyauharon,त्याहरों,त्यौहारों
2616,darshaana,दर्शान,दर्शाना
2617,beechbachaav,बीचचााव,बीचबचाव
2618,sulati,सुलती,सुलाती
2619,varshan,वर्षण,वर्शन
2620,sudhaaratee,सुधारती,सुधारती
2621,wasaamukt,वासमुक्त,वसामुक्त
2622,patil,पटिल,पाटिल
2623,jewaab,जेवाब,जेवाब
2624,soto,सोतो,सोटो
2625,dhtuen,ध्टूएन,धातुएं
2626,dose,डोस,डोसे
2627,bhaagadaud,भागड़ौद़,भागदौड
2628,pagabadha,पगबाधा,पगबाधा
2629,arushi,अरुशी,आरुषि
2630,agusta,अगस्ता,अगस्ता
2631,titan,टितान,टाइटन
2632,equities,इक्वीटीज,इक्विटीज
2633,airtel,एयरटेल,एयरटेल
2634,alaps,एलैप्स,ऐल्प्स
2635,naksali,नकसाली,नक्सली
2636,achivement,अचिवमेंट,अचीवमेंट
2637,galaega,गलाएगा,गलाएगा
2638,foodon,फूडों,फूडॉन
2639,rajnichi,राजनीची,राजनीचि
2640,arya,आर्या,आर्य
2641,streamwood,स्ट्रमवीड,स्ट्रीमवुड
2642,ghot,घोट,घोट
2643,music,मुसिक,म्यूजिक
2644,purkayastha,पुरकायस्था,पुरकायस्थ
2645,nora,नोरा,नोरा
2646,tonic,टोनिक,टॉनिक
2647,gujaarne,गुजारने,गुजारने
2648,water,वाटर,वाटर
2649,sunsaan,सुनसान,सूनसान
2650,sirsa,सिरसा,सिरसा
2651,tangirala,तंगीराला,टेंगीरला
2652,hanson,हंसों,हेनसन
2653,varun,वरुण,वरुण
2654,dreijer,ड्रेजर,ड्रेजर
2655,doudaate,दौड़ते,दौड़ाते
2656,sharabon,शरबों,शराबों
2657,vyakteeyon,व्यक्तियों,व्यक्तीयों
2658,saatseraa,सात्सेरा,सातसेरा
2659,darjano,दर्जनो,दर्जनों
2660,agniyaan,अग्नियाँ,अग्नियां
2661,dhonaa,धोना,धोना
2662,karyakartriyon,कार्यकारत्रियों,कार्यकर्त्रियों
2663,awasthaen,अवस्थाएं,अवस्थाएं
2664,himamaanav,हिमामाव,हिममानव
2665,two,टीवीओ,टु
2666,ail,एआईएल,ऐल
2667,bandhuon,बंधुओं,बंधुओं
2668,shraddhavanon,श्रद्धावनों,श्रद्धावानों
2669,mariyo,मरियो,मारियो
2670,vyaghat,व्याघाट,व्याघात
2671,michael,माएकल,माईकल
2672,adrgh,अद्र्घ,अद्र्घ
2673,vitthal,विठ्ठल,विट्ठल
2674,prarup,प्रारूप,प्रारूप
2675,dhoondhti,धूँधती,ढूंढती
2676,dubana,दुबाना,डुबाना
2677,ladne,लाडने,लडने
2678,form,फोर्म,फार्म
2679,zuari,जुआरी,जुवारी
2680,pariwarwale,परिवारवाले,परिवारवाले
2681,peranormal,पेरान्रमल,पैरानॉर्मल
2682,bhuvneshvaprasad,भुवनेश्वपर्सद,भुवनेश्वप्रसाद
2683,iris,आरआइआई,आईरिस
2684,pratigyapoorn,प्रतिग्यपूर्ण,प्रतिज्ञापूर्ण
2685,lebalon,लेबालों,लेबलों
2686,shreekrushnan,श्रीकृष्णन,श्रीकृष्णन
2687,snikarse,स्निकार्से,स्नीकर्स
2688,kain,कैन,कईं
2689,bhooswaami,भूसवामी,भूस्वामी
2690,karta,करता,कटरा
2691,anyay,अन्यय,अन्याय
2692,nokari,नोकारी,नोकरी
2693,precision,प्रिसिजन,प्रिसिशन
2694,chrom,क्रोम,क्रोम
2695,jue,ज्यू,जुए
2696,bowling,बॉलिंग,बोलिंग
2697,taapti,तापती,ताप्ती
2698,catholicon,कैथोलिकन,कैथोलिकों
2699,nazarandaz,नाज़रांजद,नजरंदाज
2700,mulchand,मूलचंद,मूलचंद
2701,sweccha,स्वेच्छा,स्वेच्छा
2702,nanyaulaa,नन्यौला,नन्यौला
2703,ghontana,घोंटना,घोंटना
2704,advaitwad,एडवैतवाद,अद्वैतवाद
2705,underwood,अंडरवुड,अंडरवुड
2706,lubhaavna,लुभावना,लुभावना
2707,petroselee,पेट्रोसेली,पेट्रोसेली
2708,amdi,आमडी,आमदी
2709,ropane,रोपणे,रोपने
2710,daisy,दैसी,डेजी
2711,jababee,जबबी,जबाबी
2712,cup,सीयूपी,कप
2713,phaade,फाड़े,फाड़े
2714,ulahna,उलहना,उलाहना
2715,unnatiyon,उन्नतियों,उन्नतियों
2716,molina,मोलिना,मोलिना
2717,gaandchubhonachoosnachhote,गांचौनाउोनााोटाटी,गांडचुभोनाचूसनाछोटे
2718,han,हान,हां
2719,pradarshan,प्रदर्शन,प्रर्दशन
2720,sarjuga,सरजगुा,सरगुजा
2721,bidar,बादर,बीदर
2722,amargad,अमरगाद,अमरगढ़
2723,juye,जुए,जुए
2724,tonk,टोंक,टोंक
2725,devaapur,देवापुर,देवापुर
2726,intelligence,इंटीलेजेंस,इंटेलीजेंस
2727,neetiyon,नीतियों,नीतियों
2728,khanaudaa,खनौदा,खनौदा
2729,porbandar,पोरबंदर,पोरबंदर
2730,sim,सिम,सिम
2731,lagnesh,लग्नेश,लग्नेश
2732,gaayikao,गायिकाओ,गायिकाओ
2733,prishthabhoomiyon,पृष्ठभुमियों,पृष्ठभूमियों
2734,moolchand,मूलचंद,मूलचंद
2735,silchar,सिलचार,सिल्चर
2736,margarita,मार्गरिटा,मार्गरिटा
2737,udakishuganj,उदकीशुजंज,उदाकिशुनगंज
2738,sirtee,सिरती,सिरती
2739,yamala,यमाला,यमला
2740,prashikshu,प्रशिक्षु,प्रशिक्षु
2741,sierra,साईरा,सिएरा
2742,aalhaa,अलहा,आल्हा
2743,peck,पेक,पेक
2744,taskhir,तस्खीर,तसखीर
2745,daka,दका,डाका
2746,nominate,नोमिनेट,नॉमिनेट
2747,sapat,सपत,सपाट
2748,coimbatore,कोइम्बेटर,कोयम्बटूर
2749,koraput,कोरापुट,कोरापुट
2750,svayattshasan,स्वायत्तस्थ,स्वायत्तशासन
2751,vidyutikrit,विद्युतिकृत,विद्युतीकृत
2752,kikiyaanaa,किकियाना,किकियाना
2753,arunaai,अरुणाई,अरुणाई
2754,rigal,रीगल,रीगल
2755,diamond,डायमोंड,डायमंड
2756,mridubhaashee,मृदुभाषी,मृदुभाषी
2757,walters,वाट्टर्स,वाल्टर्स
2758,sutrapada,सुत्रपाडा,सूत्रपाडा
2759,keeti,कीटी,कीति
2760,zilaadhikaari,ज़िलाधिकारी,ज़िलाधिकारी
2761,mangesh,मांगेश,मंगेश
2762,pension,पेंशन,पेंषन
2763,laganewale,लगनेवाले,लगनेवाले
2764,jilavasiyon,जिलावासियों,जिलावासियों
2765,ploskee,प्लॉस्की,प्लोस्की
2766,eksath,एकसाथ,एकसाथ
2767,sekhar,सेखर,सेखर
2768,dow,डो,डीओडब्ल्यू
2769,ardhawishwaas,अर्धविश्वास,अर्धविश्वास
2770,rajasthan,राजस्थान,राजस्थान
2771,vikaskhand,विकासखंड,विकासखण्ड
2772,samshayon,समशायों,संशयों
2773,badhanaa,बढ़ाना,बढना
2774,classon,क्लासन,क्लासों
2775,ikhrul,इखरुल,उखरुल
2776,furaame,फुरामे,फुरामे
2777,ebaz,एएबाज,एबज
2778,baataaya,बाताया,बाताया
2779,jushantan,जुशानतन,जुशान्तान
2780,strong,स्ट्रंग,स्ट्रॉन्ग
2781,rajnitikaron,राजनीतिकरों,राजनीतिकारों
2782,panipat,पनिपत,पानीपत
2783,blankaard,ब्लांकार्ड,ब्लांकार्ड
2784,jhabua,झबुआ,झाबुआ
2785,jacinto,जैसिनटो,जकिंटो
2786,barahsinga,बारहसिंगा,बारहसिंगा
2787,suchnah,सूचनाह,सूचनाः
2788,electromagic,इलेक्ट्रोमायिक,इलेक्ट्रोमैजिक
2789,lalmani,लालमानी,लालमणी
2790,bhaaulaal,भौलाल,भाऊलाल
2791,kathua,कठुआ,कठुआ
2792,palaari,पालारी,पलारी
2793,amitao,अमिताओ,अमिताव
2794,tadanrustee,तादर्स्ती,तदंरुस्ती
2795,vaabastaa,वाबस्त,वाबस्ता
2796,vlad,व्लाड,व्लाद
2797,slash,स्लाश,स्लैश
2798,waterbury,वाटरबरी,वाटरबरी
2799,selfie,सेल्फी,सेल्फी
2800,luis,लूयस,लुईस
2801,panchasootra,पंचासूत्र,पंचसूत्र
2802,aryama,आर्यमा,अर्यमा
2803,vaadak,वादक,वादक
2804,junction,जंक्शन,जंक्शन
2805,generic,जेनरिक,जेनरिक
2806,jiya,जीया,जिया
2807,aden,एडेन,एडेन
2808,sophner,सोफनार,सॉफ़्नर
2809,qwvga,क्वीजा,क्यूडब्ल्यूवीजीए
2810,dhvanimikon,ध्वनिमिकों,ध्वनिमिकों
2811,feeds,फीड्स,फीड्स
2812,sukadiyaal,सुकड़ियाल,सुकडि़याल
2813,angadh,अंगध़,अनगढ़
2814,bavji,बावजी,बावजी
2815,chhodiye,छोड़िए,छोडिये
2816,cipla,सीआईपीएलए,सिप्ला
2817,vigyanon,विज्ञानों,विज्ञानों
2818,dhasmaanaa,धस्माना,धस्माना
2819,longewal,लोंगेवाल,लोंगोवाल
2820,badam,बदाम,बदाम
2821,atraikt,अत्रैक्त,अट्रैक्ट
2822,saraaha,सराहा,सराहा
2823,nrityashaili,नृत्यशैली,नृत्यशैली
2824,sanvari,संवारी,संवरी
2825,yakshadhipati,यक्षाधिपति,यक्षाधिपति
2826,arabpatiyon,अरब्ततियों,अरबपतियों
2827,mukaddamon,मुकद्मदों,मुकद्दमों
2828,phode,फोड,फोड़े
2829,sihunta,सिहुंता,सिहुंता
2830,jeewan,जीवां,जीवन
2831,dhoondhata,ढूँढ़ता,ढूंढता
2832,cruces,क्रूसेज,क्रुसेस
2833,kaaryakartriyon,कार्यकारत्रियों,कार्यकर्त्रियों
2834,pratibaddhtaaen,प्रतिबद्तताएं,प्रतिबद्धताएं
2835,dlw,डीएलवी,डीएलडब्ल्यू
2836,plan,प्लान,प्लेन
2837,pailot,पैलोट,पायलट
2838,adhiwas,अधिवास,अधिवास
2839,phainn,फैन,फैंन
2840,favvara,फववारा,फव्वारा
2841,halchal,हलचल,हालचाल
2842,wishvaweer,विश्वीवर,विश्ववीर
2843,crest,क्रेस्ट,क्रेस्ट
2844,brahmleen,ब्रह्मलीन,ब्रह्मलीन
2845,virechan,वीरेचन,विरेचन
2846,yaaddaashta,याददाष्ट,याद्दाश्त
2847,ujjain,उज्जैं,उज्जैन
2848,sahyaatre,सह्यात्रे,सहयात्री
2849,jimme,जिम्मे,जिम्मे
2850,sarawagi,सरावगी,सारावागी
2851,dekhiyegaa,देखिएगा,देखियेगा
2852,wajood,वजूद,वजूद
2853,kundal,कुंदल,कुंडल
2854,ria,रिया,रिया
2855,slider,स्लाइडर,स्लाइडर
2856,management,मैनेजमेंट,मैनेजमेंट
2857,karyakaaryakartaon,कार्यकारार्त्ताओं,कार्यकार्यकर्ताओं
2858,cristis,क्रिस्टिस,क्रिस्टिस
2859,ruktey,रुकते,रुकते
2860,distrabyuters,डिस्ट्राब्युटर्स,डिस्ट्रब्यूटर्स
2861,spell,स्पेल,स्पेल
2862,damapar,दमापार,दमपर
2863,thikane,थिकने,ठिकाने
2864,interactuality,इंटरकेक्युलिटी,इंटरटेक्चुअलिटी
2865,cdyaan,सीडीयान,सीडीयां
2866,south,साउथ,साउथ
2867,aapkaa,आपका,आपका
2868,nahinkarwaaee,नहींकरवायी,नहींकरवाई
2869,jaagriti,जागृति,जागृति
2870,choodhe,चूढ़े,चूड़े
2871,thirty,थिरटी,थर्टी
2872,nadsa,नादसा,नक्सल
2873,gsm,जीएसएम,जीएसएम
2874,gujarat,गुजरात,गुजरात
2875,darshnarthee,दर्शनार्थी,दर्शनार्थी
2876,nabha,नाभा,नाभा
2877,dhokebaaj,धोकेबाज,धोखेबाज
2878,lega,लेगा,लेगा
2879,beeaaeeaaeeteeem,बीअाीीीत,बीआईआईटीएम
2880,somwaar,सोमवार,साेमवार
2881,wanon,वानों,वाणों
2882,audhyogikaran,औध्योगीकरण,औद्योगिकरण
2883,agrahari,अग्रहरी,अग्रहरि
2884,aafa,आफा,आफॅ
2885,teemaardaron,तीमारादरों,तीमारदारों
2886,misra,मिसरा,मिश्रा
2887,cerebra,सेरिब्रा,सेरेब्रा
2888,naagrik,नागृिक,नागारिक
2889,dastaar,दस्तार,दस्तार
2890,makarh,मकरह,मकरः
2891,gtor,जीटीओआर,जीतोड़
2892,ballistic,बैलिस्टिक,बैलिस्टिक
2893,chadhegaa,चढ़ेगा,चढ़ेगा
2894,maange,मांगे,मांगे
2895,nilabh,नीलभ,नीलाभ
2896,mensharaab,मेंशराब,मेंशराब
2897,singhade,सिंघड़े,सिंघाड़े
2898,hisaarah,हिसारह,हिसारः
2899,ramkot,रामकोट,रामकोट
2900,baithate,बैठते,बैठते
2901,taskheer,तस्खीर,तसखीर
2902,ishaara,ईशारा,इशारा
2903,solapur,सोलापुर,सोलापुर
2904,mejbaani,मेजबानी,मेजबानी
2905,florence,फ्लोरेन्स,फ्लोरेंस
2906,paraamarshak,परामर्षक,परामर्शक
2907,jhaadane,झाड़ने,झाड़ने
2908,theaters,थाइटर्स,थियेटर्स
2909,aadaan,आदान,आदान
2910,ambience,एम्बियंस,आंबियंस
2911,surakshaah,सुरक्षाह,सुरक्षाः
2912,hikaarico,हिकारिको,हिकारिको
2913,baanyaa,बानया,बांया
2914,rookvaai,रूकवाई,रुकवाई
2915,mitravat,मित्रावत,मित्रवत
2916,bokaro,बोकारो,बोकारो
2917,maurya,मौर्या,मौर्या
2918,pratinidhikaaree,प्रतिनिधिकारी,प्रतिनिधिकारी
2919,chandramaon,चंद्रमाओं,चंद्रमाओं
2920,parosane,परोसने,परोसने
2921,dhaiya,ढाईया,ढैया
2922,spirits,स्पिरिट्स,स्पिरिट्स
2923,leandro,लीन्ड्रो,लियान्ड्रो
2924,sean,सीई,शॉन
2925,swarthparak,स्वार्थपारक,स्वार्थपरक
2926,chuchiyaan,चुचियां,चूचियां
2927,mahamidiya,महमिदिया,महामीडिया
2928,poorwajanmon,पूर्वजन्मों,पूर्वजन्मों
2929,shohadapantee,शोहदापंती,शोहदापंती
2930,kushaan,कुशान,कुषाण
2931,jamloki,जमलोकी,जमलोकी
2932,everest,इवरेस्ट,एवरेस्ट
2933,taswaaron,तस्वरों,तस्वारों
2934,advivas,अदविवास,अधिवास
2935,premlata,प्रेमलाता,प्रेमलता
2936,murrieta,मुरीरेटा,मुर्रिएटा
2937,vaimanasya,वैमान्य,वैमनस्य
2938,kelly,केली,केली
2939,tinplate,टिनप्लेट,टिनप्लेट
2940,vaan,वां,वाण
2941,mahamantr,महामंत्र,महामंत्र
2942,mezbaan,मेज़बान,मेजबान
2943,shumali,शुमाली,शुमाली
2944,fulaaye,फुलाए,फुलाए
2945,pruitt,प्रूट,प्रूट
2946,rojvelt,रोजवेल्ट,रुजवेल्ट
2947,prashasanik,प्रशसनिक,प्रशासनिक
2948,ulazaanon,उलज़ानों,उलझानों
2949,patrakaarvarta,पत्रकारावत्रा,पत्रकारवार्ता
2950,duar,दुअर,दुआर
2951,kathfodave,कठफोडेव,कठफोड़वे
2952,bipin,बिपीन,बिपिन
2953,offerh,ओफरह,ऑफरः
2954,isayiyon,इसायियों,ईसाइयों
2955,propellent,प्रोपेलेंट,प्रोपेलेंट
2956,kansai,कनसाई,कंसाई
2957,sikhin,सिखिन,सीखीं
2958,cdcl,सीडीसीएल,सीडीसीएल
2959,abbott,अबॉट,एबोट
2960,katlari,कतलारी,कटलरी
2961,aadiwadiyon,आदिवादियों,आदिवादियों
2962,chitrakathaa,चित्रकथा,चित्रकथा
2963,avshisht,अवशिष्ट,अवशिष्ट
2964,phyuchuristic,फ्यूचर्यसिटिक,फ्यूचुरिस्टिक
2965,tereeh,तेरिह,तेरीः
2966,nanhe,नन्हे,नन्हें
2967,avery,एवेरी,एवरी
2968,suba,सुबा,सूबा
2969,shakhayen,शाखाएं,शाखाएं
2970,trikaldarshee,त्रिकलादर्शी,त्रिकालदर्शी
2971,paalasaahee,पालसाही,पालसाही
2972,failaiye,फैलइये,फैलाइए
2973,jhauvaa,झौवा,झउवा
2974,jamati,जमती,जमाती
2975,janhani,जन्हानी,जनहानि
2976,ponding,पोंडिंग,पोंडिंग
2977,taswaron,तसवारों,तस्वारों
2978,deshkal,देशकाल,देशकाल
2979,hichkichaa,हिचकिचा,हिचकिचा
2980,basteeh,बस्तीह,बस्तीः
2981,garibi,गरीबी,गरीबी
2982,phadphadaaen,फड़गड़ाएं,फड़फड़ाएं
2983,sitaram,सीताराम,सीताराम
2984,kmere,क्मेरे,कमेरे
2985,bairakpur,बैरकपुर,बैरकपुर
2986,svayamswikrat,स्वयंस्विक्रत,स्वयंस्वीकृत
2987,kaasovo,कासोवो,कासोवो
2988,majboori,मजबूरी,मज़बूरी
2989,convocation,कनवक्सेशन,कन्वोकेशन
2990,skipper,स्किपर,स्किपर
2991,jaipur,जैपुर,जयपुर
2992,prasthaanon,प्रस्थानों,प्रस्थानों
2993,narm,नार्म,नरम
2994,radiopremi,रेडियोप्रेमी,रेडियोप्रेमी
2995,titagarh,तितागढ़,टीटागढ़
2996,chico,चिको,चिको
2997,rajyamantreesvatantra,राज्यमंत्रीींस्त्वर,राज्यमंत्रीस्वतंत्र
2998,mainval,मैनवाल,मैनवल
2999,gujarana,गुजराना,गुजारना
3000,satluj,सतलुज,सतलुज
3001,jatiyon,जतियों,जातियों
3002,anhoni,अन्होनी,अनहोनी
3003,telelinks,टेलिलिंक्स,टेलीलिंक्स
3004,labs,लैब्स,लैब्स
3005,harawal,हरावल,हरावल
3006,marriage,मैरियेज,मैरेज
3007,maniya,मनिया,मनिया
3008,tractors,ट्रैक्टर्स,ट्रैक्टर्स
3009,kanchan,कांचन,कंचन
3010,lairi,लाइरी,लैरी
3011,kaaryaawadhi,कार्यावधि,कार्यावधि
3012,jalbharav,जलभरव,जलभराव
3013,bhaadaa,भाड़ा,भाड़ा
3014,baagora,बागोरा,बागोरा
3015,piega,पीगा,पिएगा
3016,stephens,स्टेफन्स,स्टीफेंस
3017,abhimat,अभिमत,अभिमत
3018,accelya,एक्सेल्या,एक्सेल्या
3019,wirerless,वायरलेस,वायरलेस
3020,chauda,चौडा,चौड़ा
3021,parbhani,परभानी,परभणी
3022,khaatedar,खातेदार,खातेदार
3023,badhna,बढ़ना,बढना
3024,burch,बर्क,बर्च
3025,upadrawon,उपद्रवों,उपद्रवों
3026,tikiyon,टिकियों,टिकियों
3027,milk,मिल्क,मिल्क
3028,dubona,दुबोना,डुबोना
3029,baker,बैकर,बेकर
3030,sutali,सुतली,सुतली
3031,buddharam,बुद्धाराम,बुद्धाराम
3032,wealth,वेल्थ,वेल्थ
3033,patrani,पात्रानी,पटरानी
3034,ardhavishwaas,अर्धविश्वास,अर्धविश्वास
3035,paim,पैम,पैम
3036,castaneda,कास्टानेडा,कास्टानेडा
3037,baljit,बालजीत,बलजीत
3038,bhatnagar,भट्ानगर,भटनागर
3039,jaatakon,जाटकों,जातकों
3040,ecuador,इक्यूडर,इक्वाडोर
3041,swargdoot,स्वर्गदूत,स्वर्गदूत
3042,rushikul,रुशिकुल,ऋषिकुल
3043,tate,तते,टेट
3044,kanthhar,कंथर,कंठहार
3045,beaulad,बीलअड,बेऔलाद
3046,europea,युरोपाई,यूरोपिया
3047,gaye,गये,गए
3048,dadreva,दाद्रेवा,ददरेवा
3049,bikherane,बिखेरने,बिखेरने
3050,hamlo,हमलो,हमलो
3051,pakdaae,पकड़ाए,पकड़ाए
3052,uplabdhiyon,उपलब्धियों,उपलब्धियों
3053,colorado,कोलोरोडो,कोलोराडो
3054,packard,पैकर्ड,पैकर्ड
3055,jagruti,जगरूती,जागृति
3056,andhra,आंध्रा,आंध्रा
3057,chounkate,चौंकते,चौंकाते
3058,bekhvaabiyaan,बेखवाबियां,बेख्वाबियां
3059,naphaa,नफाा,नफ़ा
3060,sinha,सिन्हा,सिन्हा
3061,utpidan,उत्पिदन,उत्पीडऩ
3062,saga,सागा,सागा
3063,aarya,आर्य,आर्य
3064,dikhaaiye,दिखाइए,दिखाइये
3065,anishtata,अनिश्तता,अनिष्टता
3066,udan,उदन,उड़ान
3067,sanyuktawastha,संयुक्तावस्था,संयुक्तावस्था
3068,shamtal,शमतल,शमलात
3069,evava,एववा,एवव
3070,adhiwaktaagan,अधिवक्तागन,अधिवक्तागण
3071,ralhan,रलहान,रल्हन
3072,jhuthalane,झुठलने,झुठलाने
3073,purvaabhaas,पूर्वाभास,पूर्वाभास
3074,bijendrasinh,बिजेंद्रसिंह,बिजेन्द्रसिंह
3075,chinmani,चिनमनी,चिनमणि
3076,loksbhavaali,लोकस्भावली,लोकसभावाली
3077,ladki,लडक़ी,लड़की
3078,narsinghgarh,नरसिंगढरह,नरसिंहगढ़
3079,sanghathanamantriyon,संघघननमत्रियों,संगठनमंत्रियों
3080,roopi,रूपी,रूपी
3081,karykartaon,कार्यकर्ताओं,कार्यकर्ताओं
3082,augusta,अगुस्ता,अगस्ता
3083,manmarji,मनमारजी,मनमर्जी
3084,antrmukh,अन्त्रमुख,अंतर्मुख
3085,anumar,अनुमार,अनुमार
3086,rishtanaataa,रिष्टनाता,रिश्तानाता
3087,dviarthi,द्वियार्थी,द्विअर्थी
3088,chootile,छूटीले,चुटीले
3089,hattiesburg,हेट्सीबर्ग,हैटीज़बर्ग
3090,yoojee,यूजी,यूजी
3091,raaj,राज,राज
3092,raigulization,रेयगुलाइजेशन,रैगुलाइजेशन
3093,vindhya,विंध्या,विंध्या
3094,fixingah,फिकसिंगह,फिक्सिंगः
3095,kamjor,कमजोर,कमज़ोर
3096,bhara,भारा,भरा
3097,chaudhavan,चौढ़वन,चौदहवां
3098,falne,फलने,फलने
3099,shrunkhla,श्रृंखला,श्रंखला
3100,vipannta,विपन्त,विपन्नता
3101,proofread,प्रूफ्रिड,प्रूफ़रीड
3102,zamana,ज़माना,ज़माना
3103,ghataaegee,घटाएगी,घटाएगी
3104,danga,दांगा,दंगा
3105,erica,एरिका,एरिका
3106,bhola,भोला,भोला
3107,vyakhyatmakta,व्याख्यात्मकता,व्याख्यात्मकता
3108,yojnah,योजनाह,योजनाः
3109,webuniyadee,वेबुनियाडी,वेबुनियादी
3110,rumani,रूमाणी,रुमानी
3111,sahu,सहू,साहू
3112,pradhaannagar,प्रधानगगर,प्रधाननगर
3113,seattle,सीटल,सीऐटल
3114,stain,स्टेन,स्टैन
3115,insaani,इंसानी,इनसानी
3116,hamla,हमला,हमला
3117,nutrio,न्यूट्रियो,न्यूट्रियो
3118,ladadd,लदद्द,लदड
3119,antadiyan,अन्तदियां,अंतडियां
3120,kushwaha,कुशवाहा,कुशवाहा
3121,kochchih,कोचचीह,कोच्चिः
3122,ganapathy,गणपाठी,गणपति
3123,farmic,फार्मिक,फार्मिक
3124,padengee,पड़ेंगी,पड़ेंगी
3125,arth,अर्थ,अर्थ
3126,mukarrar,मुकररार,मुक़र्रर
3127,niptakar,निपटाकर,निपटाकर
3128,holidays,होलिडेज,होलिडेस
3129,cooch,कूच,कूच
3130,utthak,उत्थक,उठ्ठक
3131,sulkhan,सुलखान,सुलखान
3132,kamere,कमेरे,कमेरे
3133,jagayega,जगयेगा,जगाएगा
3134,santree,संत्री,संत्री
3135,shakhsiyaten,शख्सीयतें,शख्सियतें
3136,panchang,पंचंग,पंचांग
3137,zalana,ज़लाना,झालाना
3138,nitya,नित्य,नित्या
3139,ichchhee,इच्छी,इच्छी
3140,habra,हाबरा,हाबरा
3141,paaliyon,पालियों,पालियों
3142,azoospermia,एज़सपप्रमीय,एजूस्पर्मिया
3143,taavij,तावीज,तावीज
3144,foodworks,फुडवर्क्स,फ़ूडवर्क्स
3145,graham,ग्रहम,ग्राहम
3146,prabhaanmantree,प्रभानमंत्री,प्रभानमंत्री
3147,seth,सेथ,सेथ
3148,jagtap,जगताप,जगताप
3149,harshit,हर्षित,हर्षित
3150,dubna,डबना,डूबना
3151,raktadataon,रक्तदाताओं,रक्तदाताओं
3152,mexico,मेक्सिको,मेक्सिको
3153,tasir,तसिर,तासीर
3154,eyarkandishnar,ययरक्नांदिशर,एयरकंडीशनर
3155,eddi,एडी,एड्डी
3156,macon,मेकन,मैकॉन
3157,israni,इसरानी,इसरानी
3158,ainth,एंट,ऐंठ
3159,shreemahapurn,श्रीमहापूर्ण,श्रीमहापूर्ण
3160,dork,डोर्क,डॉर्क
3161,jeenon,जीनों,जीनों
3162,ghareebon,घरीबों,ग़रीबों
3163,taraashakar,तराशकर,तराशकर
3164,observer,ओब्जरवर,ऑब्जर्वर
3165,aarya,आर्य,आर्यो
3166,ukhad,उखड,उखड
3167,saathsaath,सातसाथ,साथसाथ
3168,packagon,पैकागोन,पैकेजों
3169,hindon,हिन्डॉन,हिंडन
3170,aprihary,अपृरह्य,अपरिहार्य
3171,manzil,मंजिल,मंजिल
3172,lx,एलएक्स,एलएक्स
3173,karvi,करवी,कर्वी
3174,dubhashiyon,दुभशायों,दुभाषियों
3175,rikannekting,रिकानेंकटिंग,रिकनेक्टिंग
3176,wind,विंड,विंड
3177,client,क्लाइंट,क्लांइट
3178,shararat,शरारत,शरारत
3179,ventura,वेंटुरा,वेंचुरा
3180,rollins,रोलिंस,रोलिंस
3181,haynes,हेनस,हैन्स
3182,niketan,निकेतन,निकेतन
3183,krantiyon,क्रांतियों,क्रांतियों
3184,twin,ट्विन,ट्विन
3185,divya,दिव्या,दिव्य
3186,gidgidate,गिडगिडेट,गिड़गिड़ाते
3187,nigmaayukt,निग्मायुक्त,निगमायुक्त
3188,gabalee,गबली,गबली
3189,novato,नोवाटो,नोवाटो
3190,rishwatkhor,रिश्वतखोर,रिश्वतखोर
3191,faansi,फांसी,फांसी
3192,garjana,गरजाना,गर्जना
3193,nihlani,निहलानी,निहलानी
3194,pintaa,पिंटा,पिंटा
3195,greer,ग्रीयर,ग्रीर
3196,lewisville,लेविज्विल,लेविसविल
3197,prakaashit,प्रकाषित,प्रकाषित
3198,clariant,क्रैरियन्ट,क्लैरिएंट
3199,khaayal,खायल,क़ायल
3200,dwiarthi,द्वियार्थी,द्विअर्थी
3201,raakhe,राखे,राखे
3202,bulandshahr,बुलं्दशहर,बुलंदशहर
3203,stafford,स्टेफर्ड,स्टेफोर्ड
3204,najariyon,नजरियों,नजरियों
3205,world,वर्ल्ड,वर्ल्ड
3206,jeevniyaan,जीवनियाँ,जीवनियां
3207,parmeshwarpur,परमेश्वरपुर,परमेश्वरपुर
3208,uthanee,उठनी,उठनी
3209,nyootriyo,न्यूत्रियो,न्यूट्रियो
3210,jetha,जेथा,जेठा
3211,baagbagichon,बागबगीचों,बागबगीचों
3212,suchikitsaa,सुचिकित्सा,सुचिकित्सा
3213,nagmandal,नगमंडल,नागमण्डल
3214,pradadhikariyon,प्रदाधिकारियों,प्रदाधिकारियों
3215,urvarta,ऊरवर्ता,उर्वरता
3216,neal,नीईल,नील
3217,kriptocurrencyon,क्रिप्टोक्रर्यन,क्रिप्टोकरेंसियों
3218,svaayattshaasan,स्वायत्तस्सन,स्वायत्तशासन
3219,zarda,जरदा,जर्दा
3220,uplakshya,उपलक्ष्य,उपलक्ष्य
3221,chhudwaya,छुड़वाया,छुड़वाया
3222,vidagdhaa,विद्गधा,विदग्धा
3223,mukhyamantripatana,मुख्यमंत्रिपताना,मुख्यमंत्रीपटना
3224,gene,जेन,जैने
3225,ratanpur,रतनपुर,रतनपुर
3226,mhantam,महाांतम,महानतम
3227,guna,गुना,गुना
3228,mtech,एमटीईसी,एमटेक
3229,denevali,देनेवाली,देनेवाली
3230,naabhikund,नाभिकुंड,नाभिकुंड
3231,visheshanon,विशेषणों,विशेषणों
3232,langaron,लंगारों,लंगरों
3233,polythenon,पोलिथेन,पॉलिथीनों
3234,sambit,समबित,संबित
3235,dhundh,धूंध,ढूंढ
3236,haan,हाँ,हां
3237,takra,तकरा,टकरा
3238,dhandhekhori,धंधेखोरी,धंधेखोरी
3239,pulinde,पुलिंदे,पुलिंदे
3240,epoklips,इपोक्लिप्स,एपोक्लिप्स
3241,vigyaanapeediyaa,विज्ञानापीडय,विज्ञानपीडिया
3242,mahoney,महोनी,महोनी
3243,poonjitantra,पूंजीतंत्र,पूंजीतंत्र
3244,khare,खरे,खरे
3245,ekstactor,एक्स्टैक्टर,एक्सटेक्टर
3246,zunheboto,ज़ुन्होबोट,ज़ुन्हेबोटो
3247,priyamani,प्रियमनि,प्रियामणि
3248,sawaal,सवाल,सवाल
3249,sukhakar,सुखकर,सूखाकर
3250,aalochak,आलोचक,आलोचक
3251,phaans,फांस,फाँस
3252,jayalalitaa,जयलिलता,जयललिता
3253,amjhera,अमझेरा,अमझेरा
3254,bombay,बोमबाय,बॉम्बे
3255,vyagra,व्याग्रा,व्यग्र
3256,apnani,अपनानी,अपनानी
3257,risane,रिसने,रिसने
3258,chhure,छुरे,छुरे
3259,charlotte,चार्लोट,शार्लेट
3260,jose,जोसे,जोस
3261,raileeh,रैलीह,रैलीः
3262,mejbaan,मेजबान,मेज़बान
3263,dhandhanya,धनधंयया,धनधान्य
3264,dabur,डाबुर,डाबर
3265,bsss,बीएसएस,बीएसएसएस
3266,najib,नजीब,नजीब
3267,avsthayen,अवस्थायें,अवस्थाएं
3268,jabalpur,जबलपुर,जबलपुर
3269,dharmanirpekshtaake,धर्मनिरिपेक्षते,धर्मनिरपेक्षताके
3270,farmer,फारम,फार्मर
3271,nacl,एनएसल,एनएसीएल
3272,somerville,सोमरविल,समरविल
3273,bull,बुल,बुल
3274,jhulae,झुला,झुलए
3275,khagyaar,खग्यार,खग्यार
3276,meharaam,मेहराम,मेहराम
3277,dhasmana,धासमाना,धस्माना
3278,ripan,रिपन,रिपन
3279,bhagdaud,भगडौद,भागदौड़
3280,mithya,मिथ्या,मिथ्या
3281,lalaaniyaa,ललानिया,ललानिया
3282,bhulon,भूलों,भूलों
3283,vadali,वडाली,वडाली
3284,nagappattinam,नागप्पतित्मान,नागापट्टिनम
3285,vaimanya,वामन्य,वैमनस्य
3286,biggest,बिगेस्ट,बिगेस्ट
3287,jodta,जोड़ता,जोड़ता
3288,mahattaron,महत्तरों,महत्तरों
3289,orchha,ओरछा,ओरछा
3290,dhairyavaan,धैर्यवान,धैर्यवान
3291,sund,सुंड,सूंड़
3292,prince,प्रिंस,प्रिंस
3293,zuban,ज़ुबान,ज़ुबान
3294,camstudio,कैम्स्ट्यूड,कैमस्टूडियो
3295,yooropiyaa,यूरोपिया,यूरोपिया
3296,meza,मेज़ा,मेज़ा
3297,bhusawal,भूसावल,भुसावल
3298,gayatri,गयात्री,गायत्री
3299,ware,वारे,वेयर
3300,buddhizeevon,बुद्धीजीवों,बुद्धिजीवों
3301,enth,एएनटी,ऐंठ
3302,radar,रदर,रदर
3303,ilayachi,इलायाची,इलाइची
3304,ubaal,उबाल,उबाल
3305,shreeganganagarwaasiyon,श्रीगणगांगरावासियों,श्रीगंगानगरवासियों
3306,fitzgerald,फिट्जजर्ड,फिजराल्ड़
3307,jeevanshaili,जीवनशैली,जीवनशैली
3308,chart,चर्त,चार्ट
3309,sargi,सरगी,सरगी
3310,vedon,वेदों,वेदों
3311,murmur,मुरमुर,मरमर
3312,bhaate,भाते,भाते
3313,wipkha,विपखा,विप्ख
3314,bayaane,बयाने,बयाने
3315,madanaganja,मदनागंजा,मदनगंज
3316,packageon,पैकेजेन,पैकेजों
3317,varnankartaaon,वर्णनकर्ताओं,वर्णनकर्ताओं
3318,jyada,ज्यादा,ज़यादा
3319,lokotsaw,लोकोत्सव,लोकोत्सव
3320,tewree,तेरी,तेवरी
3321,jhaugunj,झौगुंज,झाउगंज
3322,malwan,मालवान,मालवान
3323,tadanrusti,तदरनस्ती,तदंरुस्ती
3324,el,एएलएल,ऐल
3325,qabzaa,क़ब्ज़ा,क़ब्ज़ा
3326,susanskrit,सुसन्क्ृत,सुसंस्कृत
3327,sandhol,संधोल,संधोल
3328,aamariyapadha,आमरियापध,आमरियापाड़ा
3329,haabban,हाबबान,हाब्बन
3330,bowling,बॉलिंग,बाउलिंग
3331,rasme,रसमे,रस्मे
3332,emdablyupiel,एमैडब्लियुली,एमडब्ल्यूपीएल
3333,vidhaaon,विधाओं,विद्याओं
3334,bowie,बुवी,बोवी
3335,chennai,चेन्नई,चेन्नई
3336,kamaljeet,कमलजीत,कमलजीत
3337,singha,सिंघा,सिंहा
3338,pensiondhariyon,पेनसिंडरियों,पेंशनधारियों
3339,barah,बरह,बारह
3340,dubana,दुबाना,डूबना
3341,esetal,ईसीटाल,एसेटल
3342,chouhan,चौहान,चौहान
3343,phalne,फलने,फलने
3344,siddhaarthah,सिद्धार्थ,सिद्धार्थः
3345,apex,एपीक्स,एपेक्स
3346,dalton,डाल्टन,डाल्टन
3347,shrikhand,श्रीखण्ड,श्रीखंड
3348,textiles,टेक्स्टाइल्स,टेक्सटाइल्स
3349,agarwal,अगरवाल,अग्रवाल
3350,mithyaachariyon,मिथ्याचारियों,मिथ्याचारियों
3351,cement,सीमेन्ट,सिमटे
3352,kraanfrensing,क्रानफ्रेंसिंग,क्रान्फ्रेंसिंग
3353,sanskrutiyon,संस्क्रतियों,संस्कृतियों
3354,dhankkar,धंककर,ढंककर
3355,nizamabad,निजामाबाद,निज़ामाबाद
3356,chhatenee,छतेनी,छतेनी
3357,dushkriyaa,दुष्क्रिया,दुष्क्रिया
3358,sasaram,सारामा,सासाराम
3359,chidhte,चिढ़ते,चिढ़ते
3360,lamba,लाम्बा,लाम्बा
3361,lautis,लोटिस,लउटिस
3362,khaen,खाईन,खाएँ
3363,dhndhe,धन्धे,धंधे
3364,antayant,अंतययंत,अन्त्यन्त
3365,mass,मास,मास
3366,baraamad,बरामद,बरामद
3367,kremistry,क्रेमिस्ट्री,क्रेमिस्ट्री
3368,uthanevale,उठनेवले,उठनेवाले
3369,lehna,लहना,लहना
3370,siragitti,सिरगित्ती,सिरगिट्टी
3371,control,कांट्रोल,कंट्रोल
3372,andaajee,अंदाजी,अंदाजी
3373,cateline,कैटललाइन,कैटलिन
3374,pakshpat,पक्षपत,पक्षपात
3375,fodo,फोडो,फोड़ों
3376,franciska,फ्रांसिकका,फ्रांसिस्का
3377,prayogaprushth,प्रयोगप्रय्थ,प्रयोगपृष्ठ
3378,krantidhara,क्रान्तिधारा,क्रांतिधरा
3379,daishwala,दाशवाला,डैशवाला
3380,khurasan,खुरासन,खुरासान
3381,quarantine,क्वारिनटीन,क्वॉरेनटाइन
3382,fond,फोंड,फोंड
3383,pakshapat,पक्षपत,पक्षपात
3384,putla,पुतला,पुतला
3385,truth,त्रुथ,ट्रुथ
3386,sathsath,साथसथ,साथसाथ
3387,mohim,मोहिम,मोहिम
3388,johnson,जोहनसन,जॉनसन
3389,cpm,सीपीएम,सीपीएम
3390,bataaya,बताया,बाताया
3391,palmer,पालमर,पाल्मर
3392,tughlaqabad,तुगलाकालाबाद,तुगलकाबाद
3393,apcotex,एपॉटकक्स,एपकोटेक्स
3394,hairam,हैरम,हैरम
3395,sarebajar,सरेबाजर,सरेबाजार
3396,jerusalem,जेरुसेलम,येरुशलम
3397,mold,मोल्ड,मोल्ड
3398,warnankartaaon,वर्णनकर्ताओं,वर्णनकर्ताओं
3399,hooper,हुपर,हूपर
3400,waters,वाटर्स,वाटर्स
3401,lubhaate,लुभाते,लुभाते
3402,fefda,फेफडा,फेफड़ा
3403,kamottejna,कमोट्टेन्,कामोत्तेजना
3404,dampati,दम्पति,दंपति
3405,soya,सोया,सोया
3406,barbartapurna,बरबतरापपूर्ण,बर्बरतापूर्ण
3407,tadipar,तड़ीपर,तड़ीपार
3408,lutf,लूटफ,लुत्फ
3409,tariko,तारिको,तरीको
3410,chataa,छटा,चता
3411,pittman,पिट्टमन,पिटमैन
3412,pahla,पहला,पहला
3413,multimedia,मल्टीमेडिया,मल्टीमीडिया
3414,tyohaar,त्योहार,त्यौहार
3415,label,लबेल,लेबल
3416,le,ली,ले
3417,tirthatan,तीर्थतन,तीर्थाटन
3418,satuaa,सतुआ,सतुआ
3419,vargas,वर्गस,वर्गस
3420,dabolim,दाबोलिम,डाबोलिम
3421,soochnaah,सूचनाः,सूचनाः
3422,labelling,लेबलिंग,लेबलिंग
3423,roseville,रोजविल,रोज़विल
3424,phaaeebrets,फायब्रेट्स,फ़ाईब्रेट्स
3425,aalto,आल्टो,ऑल्टो
3426,partanee,पार्टनी,परतानी
3427,asmitaon,अस्मिताओं,अस्मिताओं
3428,want,वैंट,वांट
3429,tadpatee,तदपती,तड़पती
3430,patel,पटेल,पटेल
3431,kaaji,काजी,काजी
3432,dostanapurna,दोस्तानपूर्ण,दोस्तानापूर्ण
3433,kshetron,क्षेत्रों,क्षेत्राें
3434,lynch,लिन्च,लिंच
3435,state,स्टेट,स्टेट
3436,ragon,रागों,रागों
3437,malhotra,मलहोत्रा,मल्होत्रा
3438,pragyatantra,प्रज्ञत्नत्र,प्रज्ञातंत्र
3439,duneerti,दुनीर्ती,दुर्नीति
3440,crosse,क्रॉसे,क्रॉस
3441,avyavasayi,अव्यवसायी,अव्यवसायी
3442,dhiryawaan,धिर्यावन,धैर्यवान
3443,time,टीमे,टाइम
3444,ashariri,आशरिरी,अशरीरी
3445,chandradas,चंद्रदास,चन्द्रदास
3446,jyotishi,ज्योतिषी,ज्योतिषि
3447,alexandria,एलेक्जेंड्रिया,एलेक्जेंड्रिया
3448,bewakoofaanaa,बेवाकूफ़ाना,बेवकूफाना
3449,sirpur,सिरपुर,सिरपुर
3450,uzbek,उजबेक,उज़्बेक
3451,kharuvaar,खरुवार,खरुवार
3452,dharmaviheenataa,धर्मविहीनता,धर्मविहीनता
3453,surendranagar,सुरेंद्रनगर,सुरेंद्रनगर
3454,aalha,आल्हा,आल्हा
3455,arunachal,अरुणाचल,अरुणाचल
3456,krueger,क्रेगर,क्रुएगर
3457,bagli,बागली,बागली
3458,davindarpaal,दविंदरपाल,दविन्दरपाल
3459,chaplusi,चप्लुसी,चापलूसी
3460,sanskariyon,संस्कारियों,संस्कारियों
3461,engines,एंजीने,इंजन्स
3462,mendez,मेंडेज,मेंडेज़
3463,siyah,सियाह,सियाह
3464,gujaarane,गुजारने,गुजारने
3465,gajara,गजरा,गजरा
3466,kavi,कावी,कवि
3467,midnapore,मिडनापर,मिदनापुर
3468,vrutton,व्रुत्तन,वृत्तों
3469,sirmon,सिरमों,सिरमोन
3470,vartman,वर्तमान,वर्तमान
3471,ubhrega,उभरेगा,उभरेगा
3472,pilot,पिलटट,पायलट
3473,narbhakshi,नरभक्षी,नरभक्षी
3474,entreeks,एन्ट्रीक्स,एंट्रीक्स
3475,dayton,दायटन,डेटन
3476,badoo,बड़ू,बडू
3477,allrounder,आलराउंडर,ऑलराउंडर
3478,nishra,निश्र,निश्रा
3479,wadhawan,वाधावन,वधावन
3480,jensen,जेनसेन,जेन्सन
3481,pali,पाली,पाली
3482,trimasik,त्रिमासिक,त्रैमासिक
3483,attraikt,एट्रॉकिट्ट,अट्रैक्ट
3484,vavidyaalaya,वविद्यालय,वविद्यालय
3485,chandan,चंददन,चंदन
3486,mega,मेगा,मेगा
3487,mansfield,मैंसफील्ड,मैन्सफील्ड
3488,mattancheri,मत्तांचेरी,मट्टानचेरी
3489,navketan,नवकेतन,नवकेतन
3490,kamtar,कामतार,कमतर
3491,pityooniya,पितुयोनिया,पिट्यूनिया
3492,purooshottampur,पुरूषोत्तमपुर,पुरूषोत्तमपुर
3493,tapan,तपन,तपन
3494,jubaan,जुबान,ज़ुबान
3495,enseeaardablyoosee,एन्सीवर्डब्योजी,एनसीआरडब्ल्यूसी
3496,haimbalin,हैमबिलन,हैम्बलिन
3497,aaraam,आराम,आराम
3498,yashpal,यशपाल,यशपाल
3499,wokha,वोखा,वोखा
3500,chhetri,छेतरी,छेत्री
3501,omaxe,ओमेक्स,ओमैक्स
3502,parween,परवीन,परवीन
3503,kukreja,कुकरेजा,कुकरेजा
3504,premphalah,प्रेमपलह,प्रेमफलः
3505,narmi,नर्मी,नरमी
3506,shrinkhalaon,श्रृंखलाओं,श्रंखलाओं
3507,avrodhak,अवरोधक,अवरोधक
3508,teeron,तीरों,तीरों
3509,ganesha,गणेशा,गणेशा
3510,jhada,झड़ा,झाड़ा
3511,anupama,अनुपमा,अनुपमा
3512,talabgaar,तालबगार,तलबगार
3513,bindal,बिंदल,बिन्दल
3514,zavala,जवला,ज़वाला
3515,aamriyapada,आमरियादा,आमरियापाड़ा
3516,pratinidhikaree,प्रतिनिधिकरी,प्रतिनिधिकारी
3517,halmatpuraa,हलमतपुरा,हलमतपुरा
3518,boodam,बूदाम,बूदम
3519,macias,मेसियास,मैकियास
3520,medical,मेडिकल,मेडीकल
3521,respecting,रीस्पेक्टिंग,रिस्पेक्टिंग
3522,ranjkta,रंजकता,रंजकता
3523,da,दा,दा
3524,suction,सक्शन,सक्शन
3525,bhumi,भूमी,भूमी
3526,tyoharon,त्योहरों,त्यौहारों
3527,rangate,रंगते,रंगते
3528,uttra,उत्त्रा,उत्तरा
3529,penshandhaariyon,पेनशंधारियों,पेंशनधारियों
3530,karykartaaon,कार्यकर्ताओं,कार्यकर्ताओं
3531,vidyaaon,विद्याओं,विद्याओं
3532,dafan,दफान,द़फन
3533,sarhind,सरहिन्द,सरहिंद
3534,khaaskar,खासकर,ख़ासकर
3535,raith,रायथ,रैथ
3536,gudagaunw,गुडागौंव,गुडगौंव
3537,sahab,सहब,साहब
3538,udaanon,उदानों,उड़ानों
3539,majesco,मेजेस्को,मेजेस्को
3540,pushpa,पुषपा,पुष्पा
3541,keshari,केशरी,केशरी
3542,bombi,बोम्बी,बांबी
3543,kargil,करगील,कारगिल
3544,takara,तकरा,टकरा
3545,biji,बीजी,बिजी
3546,chrome,क्रोम,क्रोम
3547,stithi,स्तिथि,स्तिथि
3548,gulf,गुल्फ,गल्फ
3549,kaaloniwaasiyon,कालोनिवासियों,कालोनीवासियों
3550,aavritiyon,आवरितियों,आवृत्तियों
3551,suhanubhooti,सुहानुभूति,सुहानुभूति
3552,chamach,चमच,चमच
3553,virodhabhasi,विरोधाभासी,विरोधाभासी
3554,saabhaar,साभार,साभार
3555,allcargo,अल्कार्गो,ऑलकार्गो
3556,harana,हराना,हारना
3557,avyavasayee,अव्यवसायी,अव्यवसायी
3558,pravinses,प्राविंसेस,प्राविंसेस
3559,chhetthari,छेट्रारी,छेत्री
3560,pratishthi,प्रतिष्ठी,प्रतिष्ठी
3561,sapa,सपा,सपा्
3562,patki,पटकी,पटकी
3563,parchiyon,परचियों,पर्चियों
3564,prativad,प्रतिवाद,प्रतिवाद
3565,liphaaphaa,लिफाहा,लिफ़ाफ़ा
3566,darshana,दर्शना,दर्शाना
3567,garrison,गैरिसन,गेरीसन
3568,aakandon,आकन्डों,आकंड़ों
3569,dhandon,धन्डों,धंधों
3570,distreebyootaree,डिस्ट्रियब्यूरीट,डिस्ट्रीब्यूटरी
3571,khatri,खतरी,खत्री
3572,panjika,पंजीका,पंजिका
3573,baatah,बातः,बातः
3574,ravaley,रावले,रावले
3575,kangan,कंगन,कंगन
3576,premaatmak,प्रेमात्मक,प्रेमात्मक
3577,sipahi,सिपाही,सिपाही
3578,notebandishuda,नोटबंद्दीभा,नोटबंदीशुदा
3579,devlaha,देवलाहा,देवलहा
3580,halla,हल्ला,हल्ला
3581,jhamaaten,झमातें,ज़मातें
3582,massey,मस्से,मैसी
3583,usak,उसक,उसक
3584,pitamah,पितामाह,पितामह
3585,vivaranahbhaarateey,विवरणःभारतीय,विवरणःभारतीय
3586,nagercoil,नागरकोल,नागेरकोइल
3587,lakhkhi,लखखी,लख्खी
3588,achhi,अछि,अच्छी
3589,satin,सतिन,सैटिन
3590,nagpur,नागपुर,नागपुर
3591,basirhat,बसिरहाट,बसीरहाट
3592,chhelai,छेलाई,छेलै
3593,ubarkar,उबारकर,उबरकर
3594,sanyuktavastha,संयुक्तवस्था,संयुक्तावस्था
3595,suri,सूरी,सूरी
3596,bhapaai,भपाई,भपाई
3597,vyaktigat,व्यक्तिगत,व्यक्तिगत
3598,mhathir,म्हाथिर,महाथिर
3599,flesh,फ्लेश,फ्लेश
3600,rashtrak,राष्ट्रक,राष्ट्रक
3601,raajbhaaee,राजभाई,राजभाई
3602,hong,होंग,हॉन्ग
3603,langron,लैंग्रोन,लंगरों
3604,subhaay,सुभाय,सुभाय
3605,fund,फंड,फंड
3606,flowers,फ्लावरों,फ्लावर्स
3607,uthane,उठने,उठने
3608,badaa,बड़ा,बडा़
3609,mishra,मिशरा,मिश्रा
3610,shat,शत,षट्
3611,manhattan,माह्नत्ता,मैनहट्टन
3612,sarguja,सरगुजा,सरगुजा
3613,evening,इवेनिंग,ईवनिंग
3614,grahankaal,ग्रहणकाल,ग्रहणकाल
3615,bagali,बगाली,बागली
3616,neeoo,नूआू,नीऊ
3617,mundwa,मुंडवा,मुंडवा
3618,tolasan,तोलसन,तोलासन
3619,jedateeisaft,जीडाटीएज्ट,जेडटीईसाफ्ट
3620,naagmandal,नागमंडल,नागमण्डल
3621,kanaal,कनाल,कनाल
3622,machilipatnam,मशीलिपट्नम,मछलीपट्टनम
3623,felix,फेलिक्स,फेलिक्स
3624,hastaksharon,हस्ताक्षरों,हस्ताक्षरों
3625,bhilai,भिलाई,भिलाई
3626,contracting,कॉन्ट्रैक्टिंग,कॉन्ट्रेक्टिंग
3627,qraar,क्रार,क़रार
3628,jaun,जौन,जौं
3629,bhaloo,भलू,भाालू
3630,fortis,फोर्टिस,फोर्टिस
3631,girijagharon,गिरजाघरों,गिरजाघरों
3632,jainon,जैनों,जैनों
3633,arthavyavasthaah,अर्थव्यवस्थाः,अर्थव्यवस्थाः
3634,oxys,आक्सिस,ऑक्सीज
3635,khitabon,खिताबों,खिताबों
3636,enka,एंका,एनका
3637,chashma,चश्मा,चष्मा
3638,batao,बटाओ,बताअाे
3639,ghrutakumaaree,घ्रुतकुमरी,घृतकुमारी
3640,pratestent,प्रेटेस्टेंट,प्राटेस्टेंट
3641,bauer,बौउर,ब्युर
3642,lakshmidhar,लक्ष्मीधर,लक्ष्मीधर
3643,siyasi,सियासी,सियासी
3644,upyogitawadiyon,उप्योगितवादियों,उपयोगितावादियों
3645,toogaa,तूगा,टूगा
3646,samadjiyon,सामदिजयों,समाधियों
3647,khurpaka,खुरपका,खुरपका
3648,kumavat,कुमावत,कुमावत
3649,mwp,एमवीपी,एमडब्ल्यूपी
3650,suraj,सूराज,सूरज
3651,neuroscientists,न्यूरोसाइंटेट्स,न्यूरोसाइंटिस्ट्स
3652,chandreshwaranagar,चंद्रेश्वरनगर,चंद्रेश्वरनगर
3653,tanish,तनीश,टैनिस
3654,farukhnagar,फारूखनगर,फर्रूखनगर
3655,awaazon,अवाज़ों,आवाज़ों
3656,najraane,नजराने,नजराने
3657,pashuchaaraa,पशुचारा,पशुचारा
3658,webuniyadi,वेबुनियादी,वेबुनियादी
3659,danbury,डैंबुरी,डेनबरी
3660,naidillee,नैदिली,नईदिल्ली
3661,chhalla,छल्ला,छल्ला
3662,rowan,रोवान,रोवन
3663,sheopur,शिओपुर,श्योपुर
3664,rawlani,रावलानी,रव्लानी
3665,sanvaree,संवरी,संवरी
3666,dhaak,ढाक,धाक
3667,masse,मासे,मस्से
3668,insurance,इन्सरोन,इंश्योरेंस
3669,samprbhuta,संप््रभुता,संप्रभुता
3670,raashtraa,राष्ट्र,राष्ट्रा
3671,jauhari,जौहरी,जौहरी
3672,judai,जुड़ाई,जुदाई
3673,badamaashon,बदमाशों,बदमाशाें
3674,khitaabon,खिताबों,खिताबों
3675,swayam,स्वयम,स्वयँ
3676,aagah,आगह,आग़ा
3677,dhindhwal,ढिंधवाल,ढिंडवाल
3678,ghise,घिसे,घिसे
3679,sappaanwaalee,सप्पनंवाली,सप्पांवाली
3680,nikharen,निखारें,निखारें
3681,baadhit,बाधित,बाधित
3682,brahmapur,ब्रह्मपुर,ब्रह्मपुर
3683,baytown,बेटोवन,बैटाउन
3684,koling,कोलिंग,कोलिंग
3685,samadhiyon,समाधियों,समाधियों
3686,yooniyanwaadi,यूनियनवाडी,यूनियनवादी
3687,chhapemar,छापेमार,छापेमार
3688,gareebon,गरीबों,ग़रीबों
3689,thousand,थाउसंड,थाऊजेंड
3690,dasila,दसीला,डसीला
3691,kanjentevaaitis,कंजेंतेनाइजवीस,कंजेंटेवाइटिस
3692,badhaon,बढ़ाओं,बाधाओं
3693,lagega,लागेगा,लगेगा
3694,durghatna,दुर्घटना,दुर्घटना
3695,nitiyon,नीतियों,नितियों
3696,capdhari,कपधााी,कैपधारी
3697,atri,अत्री,अत्री
3698,singam,सिंगम,सिंगम
3699,vastvik,वस्त्विक,वास्तविक
3700,substensis,सबस्टेंसिस,सबस्टेंसिस
3701,peelepan,पीलेपन,पीलेपन
3702,uthnee,उठनी,उठनी
3703,handiyaa,हंडिया,हंडिया
3704,pratirakshi,प्रतिरक्षी,प्रतिरक्षी
3705,lalkarta,लाककर्टा,ललकारता
3706,dukaanon,दुकानों,दुकानों
3707,nividaataon,निवीदाताओं,निविदाताओं
3708,sarvjaateeya,सर्वजातीय,सर्वजातीय
3709,narsanharon,नरसंहारों,नरसंहारों
3710,neemkathana,नीमकथाना,नीमकाथाना
3711,herrera,हेरेरा,हेरेरा
3712,junun,जुनून,जुनून
3713,ikai,इकाई,इकाई
3714,jagdalpur,जगदलापुर,जगदलपुर
3715,swiftlet,स्विट्फलेट,स्विफ्टलेट
3716,jalagati,जलगती,जलगति
3717,pitts,पिट्स,पिट्स
3718,ropi,रोपी,रोपी
3719,adanga,अंगगा,अड़ंगा
3720,alasi,अलासी,आलसी
3721,chaukiyan,चौकियां,चौकियां
3722,layton,लेटन,लेटन
3723,vakrangee,वक्रांगी,वकरंगी
3724,development,डेवलपेमेंट,डेवलपमेंट
3725,shawnee,शानी,शॉनी
3726,pardesiyon,परदेसियों,परदेसियों
3727,bhoogol,भूगोल,भूगोल
3728,bagichi,बगीची,बगीची
3729,sivan,सिवन,सिवान
3730,stray,स्ट्रे,स्ट्रे
3731,aalsi,आलसी,आलसी
3732,view,व्यू,व्यू
3733,vishhin,विशिन,विषहीन
3734,kissagoi,किस्सागोई,किस्सागोई
3735,mahanideshak,महानिदेशक,महानिदेशक
3736,chikitsaevam,चिकित्सावम,चिकित्साएवं
3737,bhattacharya,भट्टाचार्य,भट्टाचार्य
3738,trenton,ट्रेनटन,ट्रेंटन
3739,kanyaein,कन्याएं,कन्याएं
3740,priyadarshini,प्रियदर्शिनी,प्रियदर्शिनी
3741,hukhookh,हुखूख,हुक़ूक़
3742,shulkah,शुलकाह,शुल्कः
3743,rane,राने,राणे
3744,mahavidya,महाविद्या,महाविद्या
3745,sanshyon,संश्यों,संशयों
3746,shreneeh,श्रेणीह,श्रेणीः
3747,odom,ओडोम,ओडोम
3748,benitez,बेनिटेज,बेनिटेज़
3749,tyohar,त्योहर,त्यौहार
3750,matiyaanaa,मतियाना,मतियाना
3751,shavyaatra,शव्यात्र,शवयात्रा
3752,rishtey,रिश्ते,रिश्ते
3753,rehaana,रेहाना,रेहाना
3754,qss,क्यूएस,क्यूएसएस
3755,anaavashyak,अनावश्याक,अनावश्यक
3756,rijhaayaa,रिझाया,रिझाया
3757,brigade,बृगाडे,ब्रिगेड
3758,sapane,सपने,सपने
3759,chuneen,चुनीं,चुनीं
3760,koshadhikaari,कोषधिकारी,कोषाधिकारी
3761,karab,करब,करब
3762,paltane,पालटाने,पलटने
3763,karneshwardham,कर्णेश्वर्धम,कर्णेश्वरधाम
3764,aaryanas,आर्यननस,आर्यनस
3765,pratishthanon,प्रतिष्ठनों,प्रतिष्ठानोंं
3766,karaikal,कराइकल,कराईकल
3767,uski,उसकी,उसकी
3768,vipreetataa,विप्रीतता,विपरीतता
3769,parikshao,परीक्षाओ,परीक्षाओ
3770,fyuji,फ्यूजी,फ्यूजी
3771,laaminaar,लामिनार,लामिनार
3772,jutati,जुतती,जुटाती
3773,kaushik,कौशिक,कौशिक
3774,bekaaboo,बेकाबू,बेकाबू
3775,nano,नानो,नैनो
3776,orissa,ओरिसा,ओडिसा
3777,tomar,टोमर,तोमर
3778,ropee,रोपी,रोपी
3779,thappadhabaajhee,थप्पाधााजी,थप्पड़बाज़ी
3780,baabat,बाबत,बाबत
3781,attahasa,अट्टहसा,अट्टहास
3782,colan,कोलन,कोलन
3783,pratileetar,प्रतिलीतर,प्रतिलीटर
3784,bhusi,भूसि,भूसी
3785,haliyaa,हलिया,हलिया
3786,utpeedan,उत्पीदन,उत्पीडऩ
3787,pope,पोपे,पोप
3788,karkhele,करखेले,करखेले
3789,bahulya,बहुल्या,बाहुल्य
3790,aswbhavik,अस्वभविक,अस्वभाविक
3791,kathhnaeeyon,कठनाईयों,कठनाईयों
3792,ramjeelaal,रमजीलाल,रामजीलाल
3793,vasulta,वसुलता,वसूलता
3794,mukhyamantri,मुख्यमंत्री,मुख्यमंत्री
3795,maria,मारिया,मारिया
3796,satmev,सतमेव,सत्मेव
3797,baksa,बकसा,बक्सा
3798,udar,उदर,उदर
3799,man,मन,मैन
3800,buddhijivon,बुद्धीजीवों,बुद्धिजीवों
3801,sudip,सुदिप,सुदीप
3802,jodo,जोडो,जोड़ो
3803,tasdeek,तसदीक,तसदीक
3804,nikaalni,निकालनी,निकालनी
3805,bhatkaanaa,भटकाना,भटकाना
3806,harna,हारना,हारना
3807,dillon,दिल्लों,डिल्लों
3808,registerd,रजिस्ट्र्ड,रजिस्टर्ड
3809,bhandara,भंडारा,भंडारा
3810,lalaniya,लालनिय,ललानिया
3811,lima,लीमा,लिमा
3812,lalkrishna,लाककृष्ण,लालकृष्ण
3813,ratnabhooshan,रत्नभूषण,रत्नाभूषण
3814,sparivar,स्परीवार,सपरिवार
3815,sah,सह,साह
3816,sametti,समेट्टी,समेटती
3817,pyria,पायरिया,पाइरिया
3818,maamalonmen,मालमलोों,मामलोंमें
3819,braat,ब्रात,बरात
3820,vaiisan,वैसन,वैइसन
3821,villa,विल्ला,विला
3822,linda,लिंदा,लिंडा
3823,khariya,खरिया,खरिया
3824,chellani,चेल्लानी,चेलानी
3825,electronics,इलेक्ट्रोनिक्स,इलेक्ट्रॉनिक्स
3826,rishiraj,रिशररज,ऋषिराज
3827,udaipur,उदैपुर,उदयपुर
3828,pagla,पगला,पगला
3829,ritukaant,रितुकान्त,ऋतुकांत
3830,kurmi,कुरमी,कुर्मी
3831,dastaanaa,दस्ताना,दस्ताना
3832,emrald,एमारल्ड,एमरल्ड
3833,ghumaaee,घुमाई,घुमाई
3834,updraviyon,उपद्रवियों,उपद्रवियों
3835,oklahoma,ओकलाहोमा,ओक्लाहोमा
3836,dharmaraajne,धर्मराजने,धर्मराजने
3837,jhaohuee,झौओही,झाओहुई
3838,uppidan,उपपिदन,उप्पीड़न
3839,khemik,खेमिक,खेमिक
