,Input,Prediction,Actual
0,sikhaaega,सिखाएगा,सिखाएगा
1,learn,लीअर्न,लर्न
2,twitters,ट्विटर्स,ट्विटर्स
3,tirunelveli,तिरुनेवेली,तिरुनेलवेली
4,independence,इंडपेंडेंस,इंडिपेंडेंस
5,speshiyon,स्पेशियों,स्पेशियों
6,shurooh,शुरूह,शुरूः
7,kolhapur,कोल्हापुर,कोल्हापुर
8,ajhar,अझर,अजहर
9,karaar,करार,क़रार
10,anka,अंका,अंक
11,wpd,वीपीडी,डब्ल्यूपीडी
12,haashie,हाशिए,हाशिए
13,glendale,ग्लेंडले,ग्लेंडल
14,udhed,उधेद,उधेड़
15,ekthi,एकथी,इकठ्ठी
16,idea,आईडीईए,आईडिया
17,ambikapur,अंबबिकपुर,अम्बिकापुर
18,makerere,मकेरेरे,माकेरेरे
19,saboodaane,सबूदाने,साबूदाने
20,foohadta,फूहदत्,फूहड़ता
21,sequent,सिक्वेन्ट,सेक्वेंट
22,shueb,शूब,शुऐब
23,panihati,पनिहती,पानीहाटी
24,sametati,समेटती,समेटती
25,ukhrul,उखरुल,उखरुल
26,brahmlin,ब्रह्मलिन,ब्रह्मलीन
27,utaraadhikaaree,उतराधिकारी,उतराधिकारी
28,iqbal,इक़बाल,इक़बाल
29,dayaalapuraa,दयालपुरा,दयालपुरा
30,sohrai,सोहराई,सोहराई
31,takreeban,तकरीबान,तक़रीबन
32,farrukhnagar,फर््ुखनगर,फर्रूखनगर
33,theinga,ठेंगा,ठेंगा
34,tyoiharon,त्योहिरों,त्यौहारों
35,karneshvardhaam,कर्णेश्वरधाम,कर्णेश्वरधाम
36,umanath,उमानथ,उमानाथ
37,daanshil,डाँशिल,दानशील
38,saahityotsav,साहित्योत्सव,साहित्योत्सव
39,shantiniketan,शांतिनिकेतन,शांतिनिकेतन
40,shikayatkarta,शिकायतकर्ता,शिकायतकर्ता
41,andarkhane,अंदरखने,अंदरखाने
42,panter,पैंटर,पंटर
43,leedaron,लीडरों,लीडरों
44,galgand,गलगंड,गलगंड
45,kaarniyaan,कारनियाँ,कार्नियां
46,murgipaalan,मुर्गीपालन,मुर्गीपालन
47,mushahid,मुशाहिद,मुशाहिद
48,modules,मोड्युलस,मॉड्यूल्स
49,rajouri,राजौरी,रजौरी
50,sushrushaa,सुशरुषा,सुश्रुषा
51,shringaar,श्रृंगार,शृंगार
52,holt,हॉल्ट,होल्ट
53,laigikata,लाइगिकता,लैंगिकता
54,ijaajat,इजाजत,इजाजत
55,vankshetra,वनक्षेत्र,वनक्षेत्र
56,bhutal,भुतल,भूतल
57,swaadpremiyon,स्वादप्रेमियों,स्वादप्रेमियों
58,nineteez,नीनेटीज,नाइनटीज
59,frektar,फ्रेक्टर,फ्रेक्टर
60,likhkar,लिखकर,लिखकर
61,eyarkandeeshnar,इयर्कनदीश्र,एयरकंडीशनर
62,nabz,नब्ज,नब्ज़
63,quess,क्यूस,कुएस
64,bouni,बोनी,बौनी
65,kaaragujaariyaan,कारगुज़रियाँ,कारगुजारियां
66,gaangnam,गांगनाम,गांगनाम
67,tapia,टापिया,तापीया
68,tezpur,तेजपुर,तेज़पुर
69,talve,तलवे,तलवे
70,seemaai,सीमाई,सीमाई
71,darshnaarthi,दर्शनार्थी,दर्शनार्थी
72,rivas,रिवास,रिवास
73,tarkvaad,तर्कवाद,तर्कवाद
74,anusaarakaa,अनुसारका,अनुसारका
75,coachella,कोचेला,कोचेला
76,latakakar,लताकाकर,लटककर
77,patravaliyan,पत्रवालियां,पत्रावलियां
78,parishad,परिषद,परिषद
79,spinj,स्पिंज,स्पिन्ज
80,anshida,अंशिदा,अनशिदा
81,dejesus,डिजेस,डिजीसस
82,saraaymohiuddinpur,सरायोमहिउंददिरु,सरायमोहिउद्दीनपुर
83,lowell,लूवेल,लॉवेल
84,capacitor,कैपासिटर,कैपेसिटर
85,passengerjind,पासेंजर्जिं,पैसेंजरजींद
86,granthiyon,ग्रंथियों,ग्रंथियों
87,buena,बुएना,बुएना
88,canterbury,केंटेरबी,कैंटरबरी
89,kaathiyavadi,काठियावाड़ी,काठियावड़ी
90,tekchandani,तेकचन्दिनी,टेकचंदानी
91,fisad,फिसद,फ़ीसद
92,beraharamee,बेरहरमी,बेरहरमी
93,nishkarshah,निष्कर्षह,निष्कर्षः
94,activities,एक्टिविटीज,ऐक्टिविटीज
95,rikailleebreshan,रिकाइलेब्वरीशन,रिकैलीब्रेशन
96,shasanadhikaariyon,शसनाधिकारियों,शासनाधिकारियों
97,fijoolkharchi,फिजूलखर्ची,फिजूलखर्ची
98,dablyoopeedee,दब्लीयूपीडी,डब्ल्यूपीडी
99,pace,पेस,पेस
100,dastar,दस्तर,दस्तार
101,catlin,कैटलिन,कैटलिन
102,joddta,जोड़तात,जोड़ता
103,killat,किलैट,किल्लत
104,gruhnagar,गृहनगर,गृहनगर
105,wonder,वंडर,वंडर
106,vatar,वतर,वाटर
107,shving,शविंग,श्विंग
108,pashtun,पष्टुन,पश्तून
109,farm,फर्म,फार्म
110,dibanu,डिबानु,डिबनू
111,pashchamee,पश्चमे,पश्चमी
112,uthapatak,उठापतक,उठापटक
113,nilaabh,नीलाभ,नीलाभ
114,laxmeeniyaan,लक्सेमीनियाँ,लक्ष्मीनियां
115,mahaanagarawaasiyon,महानगरावासियों,महानगरवासियों
116,upneta,उपनेटा,उपनेता
117,convention,कन्वेनशन,कन्वेंशन
118,sharp,शर्प,शाॅर्प
119,kaaryayojana,कार्ययोजना,कार्ययोजना
120,maas,मास,मास
121,westing,वेस्टिंग,वेस्टिंग
122,kurvetee,कुरवीती,कुर्वेती
123,jyaada,ज्यादा,ज़यादा
124,mukeshvari,मुकेश्वरी,मुकेश्वरी
125,shrimati,श्रीमति,श्रीमति
126,vivekadhikaron,विवेकाधिकरों,विवेकाधिकारों
127,loksabhavalee,लोकशभलीव,लोकसभावाली
128,kabahaa,कबाहा,कबहा
129,bhraantiyon,भ्रान्तियों,भ्रांतियों
130,vivekahin,विवेकाहीन,विवेकहीन
131,balmiki,बालमिकी,बाल्मीकि
132,haryana,हरयाना,हरयाणा
133,jivraj,जिवराज,जीवराज
134,flynn,फ्लाइन,फ्लिन
135,rana,राना,राणा
136,vishnupura,विष्णुपुरा,विष्णुपुरा
137,ghotaalebaajon,घोटालेबांों,घोटालेबाजों
138,hairatangenz,हैरातंगेंज,हैरतअंगेज़
139,takaleephadeh,तकलीीपधे,तकलीफ़देह
140,peepaadh,पीपाढ़,पीपाड़
141,dhabhaashaaraa,धभमारा,धभाशारा
142,antdiyan,एंट्डियन,अंतडियां
143,robin,रोबिन,राबिन
144,singar,सिंगर,सिंगार
145,gumshudagi,गुमशुदगी,गुमशुदगी
146,balkrishna,बालकृष्ण,बालकृष्ण
147,phabti,फाबती,फब्ती
148,palatne,पलटने,पलटने
149,lahlahaati,लहहालती,लहलहाती
150,nagaada,नगाड़ा,नगाड़ा
151,udanen,उड़नें,उड़ानें
152,klein,क्लेन,क्लेन
153,juloos,जुलूस,जूलूस
154,karyabhar,कार्यभार,कार्यभार
155,manto,मांटो,मंटो
156,paimaish,पैमाश,पैमाइश
157,covina,कोविना,कोविना
158,penshan,पेंशन,पेंषन
159,ogastaavestalaind,ओगसस्तेगावंदी,ऑगस्टावेस्टलैंड
160,centreeng,सेंटरिंग,सैंट्रींग
161,activa,एक्टिवा,ऐक्टिवा
162,barker,बार्कर,बार्कर
163,valkan,वलकान,वल्कन
164,vruton,व्रूतों,वृत्तों
165,kabaddi,कबड़ी,कबड्डी
166,raunakh,रौनख,रौनक़
167,caitlyn,कैटलिन,कैटलिन
168,phoos,फूस,फूस
169,jangadnaa,जंगनना,जनगणना
170,upakhyaanon,उपख्यानों,उपाख्यानों
171,sundram,सुंदराम,सुंदरम
172,cochin,कोचिन,कोचीन
173,neko,नेको,नेको
174,kaushal,कौशल,कौशल
175,phaliya,फलिया,फालिया
176,acevedo,एसवेडो,एस्वेडो
177,kottayam,कोट्टायम,कोट्टयम
178,dilaaega,डिलाओगा,दिलाएगा
179,kurvi,कुरवी,कर्वी
180,saunpengi,सौंपेंगी,सौंपेंगी
181,lekhan,लेखन,लेख़न
182,gudepu,गुडेपु,गुडेपु
183,pharase,फरसे,फरसे
184,nubiya,नुबिया,नूबिया
185,taja,ताजा,ताजा
186,aantrit,आंतत्रित,आंत्रित
187,qazi,क़ज़ी,काजी
188,murgipalan,मुर्गीपालन,मुर्गीपालन
189,eddy,एडी,एड्डी
190,nagine,नागिन,नगीने
191,subha,सुभा,सुब्हा
192,luis,लुयस,लुइस
193,vijayapuram,विजयपुरम,विजयापुरम
194,bataao,बताओ,बताअाे
195,ochoa,ओचोआ,ओकोआ
196,science,सीसीएनसी,साइंस
197,sarkarein,सरकारें,सरकारें
198,bremerton,ब्रेमरोंट,ब्रेमटन
199,gurupado,गुरूपदो,गुरुपदो
200,sanyukt,संयुक्त,संयुक्त
201,raalod,रालोड,रालोद
202,baadhaon,बाधाओं,बाधाओं
203,gaumutra,गौमुत्र,गौमूत्र
204,sabhaen,सभाएं,सभाएं
205,tani,तीएनएआई,तनी
206,delhi,डेलही,दिल्ली
207,suken,सुकेन,सुजेन
208,vineet,विनीत,विनीत
209,chimate,चिमाते,चिमाते
210,kikiyana,किकियाना,किकियाना
211,rocket,रॉकेट,रकेट
212,maxwell,मैक्सवेल,मैक्सवेल
213,hippo,हिप्पो,हिप्पो
214,deepan,दीपान,दीपन
215,arymaa,अर्माया,अर्यमा
216,bhulata,भुलता,भूलता
217,karmaacharee,कर्मचारी,कर्माचारी
218,durgapur,दुर्गपुर,दुर्गापुर
219,tribhaashaa,त्रिभाषा,त्रिभाषा
220,soodkhoron,सुदखोरों,सूदखोरों
221,prastaavon,प्रस्तावों,प्रस्तावों
222,survin,सरविन,सुरवीन
223,prapti,प्राप्ति,प्राप्ती
224,girivaasiyon,गिरिवासियों,गिरिवासियों
225,siducing,सिडुसिंग,सिडयूसिंग
226,welwet,वेलवेट,वेलवेट
227,muqarrar,मुकरवार,मुक़र्रर
228,baxter,बाक्सटर,बैक्सटर
229,denier,डेनियर,डेनिअर
230,cw,सीवी,सीडब्ल्यू
231,uthani,उठनी,उठनी
232,ghasi,घासी,घासी
233,ikattha,इकट्ठा,इकट्ठा
234,bhupsingh,भूपसिंह,भूपसिंह
235,dabochne,दबोचने,दबोचने
236,crosby,क्रॉस्बी,क्रॉस्बी
237,naameegiraamee,नामीगरीमाय,नामीगिरामी
238,hurley,हर्ली,हर्ले
239,jarda,जरदा,जर्दा
240,liepradhanmantri,लिप्धनमर््नंति,लिएप्रधानमंत्री
241,bhranti,भ्रांती,भ्रांति
242,agencyyon,एगेन्क्यों,ऐजेंसियों
243,bago,बगो,बागो
244,forcee,फोर्सी,फारसी
245,bosaan,बोसान,बोसान
246,karki,कार्की,कार्की
247,ginate,जिनाटे,गिनते
248,manokaamnaaon,मनोकामनाओं,मनोकामनाओं
249,sammpattiyaan,सम्पत्तियां,संम्पत्तियां
250,politheenon,पोलिथीनों,पॉलिथीनों
251,mtake,मटके,एमटेक
252,parichar,परिचार,परिचर
253,badabadee,बड़बाड़ी,बडबडी
254,crane,क्रेन,क्रेन
255,laamiyaan,लामियाँ,लामियां
256,ulhasnagar,उल्हासनगर,उल्हासनगर
257,prabhanmantri,प्रभानमंत्री,प्रभानमंत्री
258,shiwalapurwa,शिवालुपारवा,शिवालापुरवा
259,ferth,फर्थ,फर्थ
260,suhagin,सुहागिन,सुहागिन
261,saraikela,सरायकेला,सरायकेला
262,romeoville,रोमूविले,रोमियोविल
263,raajsthanvasiyon,राजस्थानविश्यों,राजस्थानवासियों
264,pratirodhaatmak,प्रतिरोधात्मक,प्रतिरोधात्मक
265,svarnikaa,स्वर्णिका,स्वर्णिका
266,vyavasthapana,व्यवस्थापन,व्यवस्थापना
267,tel,टेल,तेल
268,galatfahmi,गलातफीमी,ग़लतफ़हमी
269,takeinsider,टैकीाइंडर,टेकइनसाइडर
270,microfiber,माइक्रोफिबर,माइक्रोफाइबर
271,shreemahapoorn,श्रीमहापूर्ण,श्रीमहापूर्ण
272,fallujaa,फल्लुआजा,फ़ल्लूजा
273,donaldson,डोनाल्डसन,डोनल्डसन
274,chadhne,चढ़ने,चढ़ने
275,jeevvigyaaniyon,जीवजीवजाञिनियों,जीवविज्ञानियों
276,cricketing,क्रीकेटिंग,क्रिकेटिंग
277,reduction,रिडक्शन,रिडक्शन
278,awaazen,अवाज़ें,आवाज़ें
279,wlaad,व्लाड,व्लाद
280,prathmik,प्रथ्मिक,प्राथमिक
281,thenga,थेंगा,ठेंगा
282,excel,एक्सलई,एक्सेल
283,chatakaate,चटकाते,चटकाते
284,kubuddin,कुबुद्दीन,कुबुद्दीन
285,taaza,ताज़ा,ताजा
286,padani,पदानी,पड़नी
287,nichaai,निचाई,नीचाई
288,wausau,वौसाऊ,वौसौ
289,aalochakon,आलोचकों,आलोचकों
290,jaljale,जलजले,ज़लज़ले
291,surat,सुरत,सूरत
292,jeevati,जीवती,जीवति
293,prahaarak,प्रहारक,प्रहारक
294,shreesadguru,श्रीसागुदुर,श्रीसद्गुरु
295,sanchalanon,संचालनों,संचालनों
296,bhal,भल,भाल
297,tughlaq,तुघलेक,तुगलक
298,uthaapatak,उठापतक,उठापटक
299,hastaantaraneey,हस्तानंतरीय,हस्तांतरणीय
300,utsaahawarddhan,उत्साहार्द्धधन,उत्साहवर्द्धन
301,sangoshtree,संगोष्ट्री,संगोष्ट्री
302,shaasanadhikariyon,शासनाधिकारियों,शासनाधिकारियों
303,mahadhipatiyon,महाधिपतियों,महाधिपतियों
304,fatima,फतिमा,फातिमा
305,fode,फोड,फोड़े
306,kantinyoo,कांतिनयू,कंटिन्यू
307,kaamanaen,कामनाएं,कामानाएं
308,chutile,चुटिले,चुटीले
309,sankhyaen,संख्याएं,संख्याएं
310,kranj,क्रांज,करंज
311,barsata,बरसता,बरसाता
312,parikalpit,परिकल्पित,परिकल्पित
313,harpal,हरपाल,हरपाल
314,maaoont,माूंत,माऊंट
315,grover,ग्रोवर,ग्रोवर
316,biolozis,बायोलोजिस,बायोलॉजिस्
317,halisahar,हालीसहर,हालिशहर
318,angelo,एंजेलो,एंजेलो
319,janeudharee,जननौदरी,जनेऊधारी
320,bichbachaav,बिच्चाबाव,बीचबचाव
321,pokar,पोकर,पोकर
322,apvartit,अपवर्तित,अपवर्तित
323,aastin,आस्टिन,आस्तीन
324,pratishthaavaale,प्रतिष्ठावाले,प्रतिष्ठावाले
325,buenaventura,बुएनवेतूर्ण,ब्युनावेंचुरा
326,deccan,डीकेन,डेक्कन
327,seriw,सेरिव,सेरिव
328,pardaa,परदा,पर्दा
329,emile,एमिले,एमिल
330,shaili,शैली,शैली
331,eastvale,ईस्टवेल,ईस्टवेल
332,chhallaa,छल्ला,छल्ला
333,lakshyon,लक्ष्यों,लक्ष्यों
334,hoaf,होफ,हॉफ
335,jarurih,जरुरीह,जरूरीः
336,rahya,राह्य,रह्या
337,mahkane,महकने,महकने
338,devi,डेवी,देवी
339,nielsen,नीलेसन,नील्सन
340,bhira,भिरा,भीरा
341,chabutare,चबुतरे,चबूतरे
342,bhushan,भूषण,भूषण
343,rukte,रुकते,रुकते
344,aamdani,आमदानी,आमदनी
345,talkshow,तलक्षोव,टॉकशो
346,junagadh,जुनागढ़,जूनागढ़
347,padhata,पढ़ता,पढ़ाता
348,odhakar,अधकर,ओढ़कर
349,broke,ब्रोक,ब्रोक
350,talaasha,तलाशा,तलाशा
351,parivaarwaale,परिवारावाले,परिवारवाले
352,trubyunal,ट्रूब्युनल,ट्रिब्यूनल
353,brock,ब्रॉक,ब्रोक
354,yallaappaa,यल्लाप्पा,यल्लाप्पा
355,tasvaron,तरवारों,तस्वारों
356,tugalaki,तुगलकी,तुगलकी
357,pick,पिक,पिक
358,circulation,सर्कुलेशन,सर्किलेशन
359,jvar,जवर,ज्वार
360,kanindham,कनिंधम,कनिंघम
361,kush,कुश,कुश
362,properfacebuk,प्रोपेराक्युबेक,प्रॉपरफेसबुक
363,ashrafi,अशराफी,अशरफी
364,chadhen,चढ़ें,चढ़ें
365,vangchuk,वंगचुक,वांगचुक
366,honeywell,होन्वेल,हनीवेल
367,radiumdharmee,रेडीयमध्रीम,रेडियमधर्मी
368,ladhege,लढेगे,लड़ेगे
369,sachan,सचन,सचन
370,arthshastriyon,अर्थशास्त्रियों,अर्थशास्त्रीयों
371,canton,केटन,कैंटन
372,aatmamugdha,आत्मबुग्ध,आत्ममुग्ध
373,pontiac,पोंटियक,पॉन्टिएक
374,lopez,लोपेज,लोपेज़
375,ghontanaa,घोंटना,घोंटना
376,ambani,अंबानी,अम्बानी
377,maryadaon,मर्यदाओं,मर्यादाओं
378,ratlam,रतलाम,रतलाम
379,hercules,हरकसल,हरक्यूलिस
380,akola,अकोला,अकोला
381,sakshan,साक्षन,सक्शन
382,notbandeeshuda,नोटबन्दुशुड़,नोटबंदीशुदा
383,lagavaatee,लगवाती,लगवाती
384,alive,अलीवे,अलाइव
385,jivant,जीवांत,जीवंत
386,foda,फोड़ा,फोड़ा
387,fatahee,फतही,फटही
388,noobiyaa,नूबिया,नूबिया
389,lalmanee,लालमानी,लालमणी
390,faisala,फेसला,फ़ैसला
391,krutyaa,क्तुर्या,कृत्या
392,dhuan,धुआन,धुआं
393,ahuja,अहुजा,आहूजा
394,pratipaalpur,प्रतिप्लापुर,प्रतिपालपुर
395,namkeen,नमकीन,नमकीन
396,manjilen,मंजिलें,मंजिलें
397,laffaajee,लफ़ाजी,लफ्फाजी
398,juraab,जुराब,जुराब
399,fulae,फुलाए,फुलाए
400,castalloy,कास्टालॉय,केस्टालॉय
401,black,ब्लैक,ब्लैक
402,sooraj,सूराज,सूरज
403,bronch,ब्रॉंच,ब्रॉन्च
404,avarnataa,अवर्णता,अवर्णता
405,johari,जोहरी,जोहरी
406,tevree,तीवरी,तेवरी
407,sanders,सैंडर्स,सेंडर्स
408,welder,वेल्डर,वेल्डर
409,eneeyoo,एनीयी,एनईयू
410,bharashtachaariyon,भारष्टाचारियों,भरष्टाचारियों
411,laalmanee,लालमानी,लालमणी
412,khaatedaar,खाटेदार,खातेदार
413,aazmaanaa,आज़माना,आजमाना
414,aavrittiyon,आवृत्तियों,आवृत्तियों
415,kullawee,कुलावी,कुल्लवी
416,bahawalpur,बहावलपुर,बहावलपुर
417,prathmikta,प्रथमिकता,प्राथमिकता
418,mobile,मोबिले,मोबाइल
419,katihar,काटिहर,कटिहार
420,swecha,स्वेचा,स्वेच्छा
421,haamidan,हामिदान,हामिदन
422,samdharshni,समधार्षणी,समदर्शिनी
423,dridh,दृधध,दृढ़
424,gond,गोंड,गोंद
425,wishesh,विशेष,विशेश
426,kaabilegour,काबिलेगौर,काबिलेगौर
427,laurense,लॉरेंसे,लौरेंस
428,hisham,हिशम,हिशाम
429,chausinga,चौसिंगा,चौसिंगा
430,pafin,पफीं,पफिन
431,mate,मते,मेट
432,buildcon,बिल्डकॉन,बिल्डकॉन
433,teekon,टीकों,टीकों
434,athak,अठक,अथक
435,jindagee,जिंदगी,जिदंगी
436,chayal,छयल,चायल
437,maap,माप,माप
438,last,लस्ट,लास्ट
439,gajra,गजरा,गजरा
440,ratrichar,रत्रीचर,रात्रिचर
441,kaathalaa,काठला,काथला
442,sahuuliyata,सहूलियता,सहूलियत
443,pattnaik,पत्तनैक,पटनायक
444,nyayalayeen,न्यायलयीं,न्यायालयीन
445,mukhyamantriyon,मुख्यमंत्रियों,मुख्यमंत्रियाें
446,jeetanewalon,जीतनेवालों,जीतनेवालों
447,swaphoto,स्वेफोटो,स्वफ़ोटो
448,clifton,क्लिफ़टन,क्लिफ्टन
449,doda,डोड़ा,डोडा
450,pendulum,पेंडुलम,पेंडुलम
451,chipakane,चिपकने,चिपकने
452,nalakasa,नलकासा,नलकसा
453,chhah,छ्ह,छह
454,gond,गोंड,गोंड
455,sameekshaakartaa,समीक्षकर्ता,समीक्षाकर्ता
456,mantripad,मांत्रिपद,मंत्रीपद
457,liberation,लिबरेशन,लिब्रेशन
458,asamaany,असामान्य,असमान्य
459,chungiyon,चुंगियों,चुंगियों
460,arica,एरिका,एरिका
461,balot,बलोट,बेलोट
462,thin,थिन,थींं
463,formic,फोर्मिक,फार्मिक
464,yuddhak,युद्धक,युद्धक
465,vegas,वेगास,वेगास
466,las,लस,लास्ट
467,chitranshi,चित्रांशी,चित्रांशी
468,avranta,अवरंता,अवर्णता
469,wasting,वास्टिंग,वेस्टिंग
470,vitark,वितर्क,वितर्क
471,mukabaale,मुकाबले,मुकबाले
472,dharmapoorwee,धर्मपूरीवी,धर्मपूर्वी
473,ambaani,अंबानी,अंबानी
474,ibija,इबीजा,इबीजा
475,mahamedia,महामेडिया,महामीडिया
476,suzlon,सज़लोन,सुज़लोन
477,varnit,वर्णित,वर्णित
478,jhuthlane,झुठलेन,झुठलाने
479,madurai,मदुराई,मदुरई
480,kaundal,कौंडल,कौण्डल
481,lapatta,लपट्टा,लापत्ता
482,kshin,क्षिन,क्षीण
483,tewaree,तेवारी,तेवरी
484,raichur,रचचुर,रायचूर
485,lindon,लिंडडॉन,लिंडन
486,pulama,पुलमा,पुलमा
487,olraunder,ओलराउंडर,ऑलराउंडर
488,garibon,गरीबों,ग़रीबों
489,callahan,कैलैन,कालाहान
490,wabag,वबाग,वाबाग
491,kaipdhari,कैपधारी,कैपधारी
492,atta,अट्टा,आटा
493,bareli,बरेली,बरेली
494,jing,जिंग,जिंग
495,jivan,जीवां,जीवन
496,reddy,रेडी,रेड्डी
497,pehni,पहनी,पहनी
498,tanu,ताणु,तनु
499,deepika,दीपिका,दीपिका
500,lohati,लोहाटी,लोहाती
501,kakkad,कक्कड़,कक्कड़
502,maulviyon,मौलवियों,मौलवियों
503,dungarpur,डुंगरपुर,डूंगरपुर
504,zaalaanaa,ज़ालाना,झालाना
505,lakme,लक्मे,लक्मे
506,prospectus,प्रोस्पेक्टस,प्रोस्पैक्ट्स
507,westinghouse,वेस्टिंग्यूश,वेस्टिंगहाउस
508,bawara,बवारा,बावरा
509,thakkr,ठक्कर,ठक्कर
510,ichchhaachaaree,इच्छाछारी,इच्छाचारी
511,triya,त्रिया,त्रिया
512,dhavakon,धावकों,धावकों
513,damle,दामले,दामले
514,shravanabelagola,श्रवणबलगोला,श्रवणाबेलागोला
515,nilkamal,निलकमल,नीलकमल
516,karmacharee,कर्मचारी,कर्माचारी
517,poorwottar,पूर्वोत्तर,पूर्वाेत्तर
518,lehrayi,लहरायी,लहराई
519,haito,हाइतो,हैतो
520,prakaandh,प्रकांध,प्रकाण्ड़
521,khelmantree,खेलमंत्री,खेलमंत्री
522,bhavishya,भविष्य,भविष्य
523,egmor,इजमोर,एगमोर
524,shringar,श्रृंगर,शृंगार
525,saupengee,सौपेंगी,सौंपेंगी
526,knoxville,क्नुक्स्विले,नॉक्सविल
527,bender,बेंडर,बेंडर
528,sundaram,सुन्दरम,सुंदरम
529,pradesh,प्रदेश,प्रदेश
530,samvedikaran,संवेदीकरण,संवेदीकरण
531,laguna,लगुना,लगुना
532,bhisham,भिषम,भीष्म
533,yemmiganur,येमीगुनार,येम्मिगनुर
534,huhtamaki,हुहतमाकी,हुहतमाकी
535,vadli,वडली,वडाली
536,gail,गाइल,गेल
537,race,रेस,रेस
538,salazar,सलाजर,सालाज़र
539,diphtheria,डिफथेरिया,डिप्थीरिया
540,dradh,द्रध,दृढ़
541,shadadhi,शादाही,शदधि
542,prabodhini,प्रबोधिनी,प्रबोधिनी
543,lokpratinidhiyon,लोकप्रतिधिधियों,लोकप्रतिनिधियों
544,jatati,जताती,जताती
545,mangla,मंगला,मंगला
546,berwyn,बर्विन,बर्विन
547,mum,मुम,मम
548,udaygadhi,उदयगधी,उदयगढ़ी
549,akapulko,अकापुलोको,अकापुल्को
550,vaidhruti,वैध्रुति,वैधृति
551,charanbaddh,चरणबद्ध,चरणबद्घ
552,mandadi,मंदड़ी,मनदड़ी
553,euclid,यूक्लिड,यूक्लिड
554,paarampariktaa,पारमपरिकता,पारंपरिकता
555,hafate,हफते,हांफते
556,sathiya,सथिया,साथिया
557,sanghiyataa,संघियता,संघीयता
558,mukhyaatithiyon,मुख्यतितियों,मुख्यअतिथियों
559,vyavasthavirodhi,व्यवस्थाविरोधी,व्यवस्थाविरोधी
560,raktadaataaon,रक्तदाताओं,रक्तदाताओं
561,baramade,बारामडे,बरामदे
562,tarutal,तरूतल,तरुतल
563,kutta,कुत्ता,कुत्ता
564,jhaadaa,झाड़ा,झाड़ा
565,kishun,किशुन,किशुन
566,schaeffler,सेफफरल,स्कैफ़लर
567,amrohi,अमरोही,अमरोही
568,raidical,रेडिकल,रैडिकल
569,jenner,जेनर,जेनर
570,varshiya,वर्षिया,वर्षिय
571,hasino,हासिनो,हसीनों
572,shaavakon,शावकों,शावकों
573,rupa,रुपा,रूपा
574,swaarthparak,स्वार्थपरक,स्वार्थपरक
575,weronika,वेरोनिका,वेरोनिका
576,webb,वेबब,वेब
577,mahapatra,महापत्र,महापात्रा
578,chenkein,चेंकें,छींके
579,agra,अग्रा,अग्र
580,jiyaangkou,जियांगकोड़,जियांगकोऊ
581,westwork,वेस्टर्क,वेस्टवर्क
582,janaganna,जनगन्न,जनगणना
583,pasco,पासको,पास्को
584,jadhav,जढ़व,जाधव
585,enterprise,एन्ट्रप्राइस,एंटरप्राइज
586,sanshayon,संशयों,संशयों
587,varnavyavasthaavaadiyon,वर्णव्यववादीसायियों,वर्णव्यवस्थावादियों
588,upasthiyon,उपस्थियों,उपस्थियों
589,mudichu,मुडीचु,मुडिचु
590,parnstaron,पर्णस्ट्रों,पर्नस्टारों
591,ia,आईए,ईए
592,baila,बैला,बैला
593,livaal,लिवाल,लिवाल
594,hillsboro,हिलसबोरो,हिल्सबोरो
595,rashtriyadhyaksha,राष्ट्रययद्ध्षा,राष्ट्रियाध्यक्ष
596,peedablyootee,पीडबल्युटी,पीडब्ल्यूटी
597,thousand,थाउंसड,थाउजेंड
598,shaakir,शाकिर,शाकिर
599,salahkaar,सलखाकर,सलाहकार
600,vishwakarma,विश्वकर्मा,विश्वकर्मा
601,ridge,राइड,रिज
602,swaasthyaheenataa,स्वास्थ्हनीतता,स्वास्थ्यहीनता
603,rishvatkhor,रिश्वतखोर,रिश्वतखोर
604,praavinses,प्राविंसेस,प्राविंसेस
605,daftarvaale,दफ्तरवाले,दफ्तरवाले
606,physician,फिजिसियन,फिजिशियन
607,log,लोग,लोग
608,jodhika,जोधिका,जोधिका
609,sevalaa,सेवाला,सेवाला
610,doobat,दूबत,डूबत
611,sipah,सीपैह,सिपाह
612,bharamaa,भरमा,भरमा
613,prtigyaa,प्रतिग्ञा,प्रतिज्ञा
614,meghwal,मेघवाल,मेघवाल
615,nandoi,नंदोो,नंदोई
616,aurora,औरारा,ऑरोरा
617,formuley,फार्मुली,फार्मूले
618,durghtna,दुर्घ्टना,दुर्घटना
619,swatantrasingh,स्वतंतत्रसिंह,स्वतंत्रसिंह
620,monterey,मोंटेरी,मोंटेरे
621,baalti,बालती,बाल्टी
622,columbia,कोलु्बिया,कोलंबिया
623,whittier,व्हिटर,व्हिटियर
624,dukke,डुक्के,दुक्के
625,cubeck,क्यूबेक,क्यूबेक
626,chamakna,चमकना,चमकना
627,sheelbhag,शीलभाग,शीलभंग
628,bistagond,बिस्टगगोड,बिस्तागोंड
629,findlay,फिंडली,फाइंडले
630,bapaa,बपा,बापा
631,dehra,डेहरा,देहरा
632,aise,एआईएसईई,ऐसे
633,shrankhala,श्रनखाला,श्रंखला
634,hastaaksharon,हस्ताकाशोरों,हस्ताक्षरों
635,tirupati,तिरुपति,तिरुपति
636,mangalmoortih,मंगलमूर्ति,मंगलमूर्तिः
637,kursiyon,कुरसियों,कुर्सियों
638,mithaiyaan,मिठाईयाँ,मिठाइयाँ
639,pahno,पहनो,पहनो
640,halebid,हलेबिड,हैलबिड
641,bangsh,बांगश,बंगश
642,officially,ऑफीशिली,ऑफिशियली
643,sevai,सेवै,सेंवई
644,gurjar,गुर्जर,गुर्जर
645,samanvayaka,समनव्याका,समन्वयक
646,parnel,पर्नेल,पार्नेल
647,sunsan,सुनसन,सूनसान
648,cusex,क्युसेक्स,क्यूसैक्स
649,madhya,मध्य,मध्य
650,yudhrat,युध्रत,युद्धरत
651,urbandale,उर्बंदले,अर्बनडेल
652,briggs,ब्रिज्स,ब्रिग्स
653,error,एरार,एरर
654,chikhali,चिखाली,चिखली
655,waan,वा,वाण
656,adhikaariyaan,अधिकारियां,अधिकारियां
657,roanoke,रोआनोके,रोनोक
658,haokip,हाउकिप,हाओकिप
659,poorvapekshaaon,पूर्वापकोषाओं,पूर्वापेक्षाओं
660,masheenawat,मशीनावत,मशीनवत
661,kadmo,कडमो,कदमो
662,kurami,कुरामी,कुरमी
663,vidyaathyon,विद्याथ्यों,विद्याथयों
664,simtataa,सिमताता,सिमटता
665,sangrur,संगरूर,संगरूर
666,strongsville,स्ट्रॉंगसविले,स्ट्रोंगस्विल
667,agvaai,अगवाई,अगवाई
668,jangan,जंगन,जनगन
669,nagraj,नगराज,नागराज
670,yariyan,यरियां,यारियां
671,bhagyeshwar,भाग्येश्वर,भाग्येष्वर
672,jivati,जिवति,जीवति
673,sudkhoron,सुखदोरों,सूदखोरों
674,rukwaakar,रुकवाकर,रुकवाकर
675,brahmvarta,ब्रह्मवर्ता,ब्रह्मवर्ता
676,gray,ग्रेय,ग्रे
677,bhraanti,भ्रान्ति,भ्रांति
678,purooshottamapur,पुरूषोत्तमपुर,पुरूषोत्तमपुर
679,teji,तेजी,तेजी
680,svaatan,स्वातन,स्वातं
681,mantarimandaliya,मंततरिमंडलीय,मंत्रिमंडलीय
682,ashley,एश्ले,एशले
683,mathews,माथव्स,मेथिव्स
684,moolon,मूलों,मूलों
685,akzo,अक्जो,एक्ज़ो
686,hamirpur,हमीरपुर,हमीरपुर
687,pokhriyal,पोखरियाल,पोखरियाल
688,bolateen,बोलेटीन,बोलतीं
689,pratishthavale,प्रतिष्ठवले,प्रतिष्ठावाले
690,dabangata,डबंगता,दबंगता
691,dhuriya,धुरिया,धुरिया
692,teap,टीईपी,टिप
693,gazi,गजी,गाज़ी
694,ijajat,इजाजत,इजाजत
695,mejbani,मेजबानी,मेज़बानी
696,toledo,टोलेडो,टोलेडो
697,mohadhaa,मोहढ़ा,मोहड़ा
698,putli,पुतली,पुतली
699,sanchari,संचचारी,संचारी
700,taapanee,तापनी,टापनी
701,little,लिटल,लिटिल
702,narnaari,नर्नारी,नरनारी
703,dhaniye,धनिये,धनिये
704,gadhoonga,गढ़ूंगा,गाड़ूँगा
705,faadi,फादी,फाड़ी
706,gammat,गम्मत,गम्मत
707,tuberculosis,ट्यूबरक्लुसिस,ट्यूबरक्यूलोसिस
708,nagarjuna,नगरजुना,नागार्जुन
709,raajneechi,राजनीची,राजनीचि
710,medizensar,मेडिजेंसर,मेडिजेन्सर
711,laphphaajee,लफ्छाजी,लफ्फाजी
712,commerce,कमर्स,कॉमर्स
713,maathaloo,माथलू,माथलू
714,chatagaon,चटागांव,चटगांव
715,hilig,हिलिग,हीलिग
716,isnpector,इस्पेक्टर,इस्न्पेक्टोर
717,testing,टेस्टिंग,टेस्टिंग
718,naushad,नौशद,नौशाद
719,falluja,फल्लुजा,फ़ल्लूजा
720,pik,पिक,पिक
721,jiwan,जीवान,जीवन
722,katal,कटल,कताल
723,dablyooeeef,डब्लयूफी,डब्ल्यूईएफ
724,besil,बेसिल,बेसिल
725,slidon,स्लाइडों,स्लाइडों
726,saindan,सैंदन,सैंदान
727,jeremy,जेरेमी,जेरेमी
728,gaanv,गाँव,गॉंव
729,todenge,टोडेगे,तोड़ेंगे
730,udaan,उड़ां,उड़ान
731,saptkraanti,सप्तक्रान्ति,सप्तक्रांति
732,miranda,मिरन्डा,मिरांडा
733,vyapak,व्यापक,व्यापक
734,maddy,मड्डी,मैडी
735,sabhasadon,सभासदों,सभासदों
736,nauvahan,नौवाहन,नौवहन
737,atmaen,अटमें,आत्माएं
738,rosa,रोसा,रोज़ा
739,damaae,दमाए,दमाए
740,midwest,माडवाससट,मिडवेस्ट
741,trelarah,त्रेलाराह,ट्रेलरः
742,marlborough,मार्लबोरोग,मालबर
743,waco,वैको,वाको
744,vimarshon,विमर्शों,विमर्शों
745,khan,खान,खान
746,difarard,डिफारार्ड,डिफरर्ड
747,sarsaa,सरसा,सरसा
748,hester,हेस्टर,हेस्टर
749,uttar,उत्तर,उत्तर
750,kasera,कसेरा,कसेरा
751,kuraaane,कुराने,कुरआने
752,dayitvon,दयित्वों,दायित्वों
753,chayaniton,चायानतों,चयनितों
754,morales,मोरालेस,मोराल्स
755,heros,हेरोस,हीरोज
756,premamoolak,प्रेमामूलक,प्रेममूलक
757,moran,मोरान,मोरन
758,zydus,जाइडस,ज़ाइडस
759,nelson,नेलसन,नेल्सन
760,amarpal,अमरपाल,अमरपाल
761,phatne,फटने,फटने
762,tinka,टिंका,टिंका
763,gaayikaao,गायकाओ,गायिकाओ
764,pakayen,पकाएं,पकाएं
765,bhrashtachariyon,भ्रष्टाचार्यों,भ्रष्टाचारीयों
766,chalit,चलित,चालित
767,affle,एफली,एफल
768,mod,मोद,मॉड
769,rajnitikaaron,राजनीतीकरण,राजनीतिकारों
770,arthon,अर्थों,अर्थों
771,gaaligalauj,गालीलगुज,गालीगलौज
772,anyonyashritata,अन्योन्यश्रितता,अन्योन्याश्रितता
773,udaya,उदया,उडाया
774,cutlery,क्यूटरी,कटलरी
775,pratibandhah,प्रतिबंध,प्रतिबन्धः
776,neelaabh,नीलाभ,नीलाभ
777,bilae,बिलाई,बिलाई
778,khullamkhulla,खुल्लमखुल्ला,खुल्लमखुल्ला
779,swanson,स्वांसन,स्वानसन
780,anvaahaarya,अवनवाहर्य,अन्वाहार्य
781,rewari,रिवारी,रेवाड़ी
782,sahkalakar,सहकालाकर,सहकलाकार
783,championship,चैंपोइंशिप,चैंपियनशिप
784,bhadkaayaa,भड़काया,भड़काया
785,namdhari,नमधारी,नामधारी
786,alba,अलबा,अल्बा
787,watanukoollan,वाताणुकूलन,वातानुकूलन
788,khaatadhaarak,खाताधारक,खाताधारक
789,texas,टेक्सास,टेक्सस
790,special,स्पेशल,स्पेशल
791,harvansh,हरवंश,हरवंश
792,dinu,डिनु,दीनु
793,shaniwar,शनिवार,शनिवार
794,de,डेई,डीई
795,dabi,डाबी,डाबी
796,nahinkarvaaee,नहींकरावी,नहींकरवाई
797,maarvaad,मारवाद,मारवाड़
798,peediyon,पीडियों,पीड़ियों
799,brigton,ब्रिटन,ब्रिगटन
800,mnaey,मनी,मनाए
801,ligar,लीगर,लिगर
802,dilaega,दिलागा,दिलाएगा
803,aadhin,आधिन,आधीन
804,parwa,परवा,परवा
805,hempstead,हेम्प्स्टेड,हेम्प्सटेड
806,mamooli,ममूली,मामूली
807,pradeshikaa,प्रदेशिका,प्रदेशिका
808,verification,वर्फिकेशन,वैरीफ़िकेशन
809,fefada,फेफाडा,फेफड़ा
810,wisangatiyaa,विसंगतिया,विसंगतिया
811,kachchhe,कच्छे,कच्छे
812,ghost,घोस्ट,घोस्ट
813,pipli,पिपली,पिपली
814,lovasa,लोवासा,लवासा
815,helper,हेल्पर,हेल्पर
816,doobnewaale,डूबनेवाले,डूबनेवाले
817,bakhshane,बख्शने,बख्शने
818,indriyonke,इंड्रायोंक,इन्द्रियोंके
819,barhad,बरदद,बरहद
820,risaalee,रिसाली,रिसाली
821,kaksheevati,कक्षीवती,काक्षीवती
822,vishvarakt,विश्वरक्त,विश्वरक्त
823,lodi,लोड़ी,लोदी
824,peachtree,पीचत्री,पीचट्री
825,ghumakkdon,घुमक्कडों,घुमक्कड़ों
826,ojha,ओजा,ओझा
827,ilaaj,इलाज,इलाज़
828,arunai,अरुनई,अरुणाई
829,ayodhyeanath,अयोध्येनाथ,अयोध्यानाथ
830,bhautikwadiyon,भौतकवादियों,भौतिकवादियों
831,roket,रोकेट,रकेट
832,nurochemistry,न्यूरोकैमिट्री,न्यूरोकेमिस्ट्री
833,coldvel,कोल्डवेल,काल्डवेल
834,aawaazen,आवाज़ें,आवाज़ें
835,mool,मूल,मूल
836,multiplexon,मल्टीप्लक्सोन,मल्टिप्लेक्सों
837,tyoihar,त्योइहार,त्यौहार
838,rotation,रोटाशन,रोटेशन
839,belacha,बेलाचा,बेलचा
840,sahakalaakar,सहकलाकर,सहकलाकार
841,jadit,जडित,जड़ित
842,nagaaraa,नगारा,नगाड़ा
843,barpaya,बरपाया,बरपाया
844,doongarpur,डूंगरपुर,डूंगरपुर
845,land,लैंड,लैंड
846,uchchhrunkhalataa,उच्चरुखलनता,उच्छृंखलता
847,failaiya,फैलैया,फैलाइए
848,suchi,सूची,सूची
849,noon,नून,नून
850,rp,आरपी,आरपी
851,shield,शिल्ड,सील्ड
852,palanpur,पलानपुर,पालनपुर
853,electrosteel,इलेक्ट्रोस्टिल,इलेक्ट्रोस्टील
854,obscura,ऑब्स्क्यूरा,ऑब्स्क्योरा
855,cigretton,काइग्रटन,सिगरेटों
856,dikhaee,दिखाई,दिखाईं
857,russell,रसेल,रसल
858,nazarandaaz,नज़ारनदाज़,नजरंदाज
859,kualalampoor,कुआलामपुर,कुआलालंपूर
860,austin,आस्टिन,ऑस्टिन
861,raidcras,रायक्रास,रैडक्रास
862,tcns,टीसीएनएस,टीसीएनएस
863,svaayattshasan,स्वायत्त्श्सन,स्वायत्तशासन
864,mood,मूद,मूड
865,daulatabad,दौलताबाद,दौलताबाद
866,bhulta,भुलता,भूलता
867,pratikaara,प्रतिकारा,प्रतिकारा
868,nights,निफ्ट्स,नाइट्रस
869,nakam,नकाम,नाकाम
870,shutting,शटिंग,शुटिंग
871,raashtra,राष्ट्र,राष्ट्रा
872,bechkar,बेचकर,बेचकर
873,stone,स्टोन,स्टोन
874,wardha,वरधा,वर्धा
875,deedablyutee,डीडब्लययूटी,डीडब्ल्यूटी
876,desabathula,देसाभुतला,देसबथुला
877,baapa,बाप,बापा
878,baghbaan,बागबां,बाघबान
879,aadeshah,आदेशाह,आदेशः
880,udelkar,उदेलकर,उड़ेलकर
881,tarko,तार्को,तर्कों
882,yaaddaasht,याद्धस्त,याद्दाश्त
883,inhalation,इनहेलेशन,इनहेलेशन
884,safradganj,सफरादगंज,सफरदगंज
885,roopak,रूपक,रूपक
886,scranton,स्क्रैन्टन,स्क्रेनटन
887,varnavyavasthaawaadiyon,वर्णव्यवव्यागाषियों,वर्णव्यवस्थावादियों
888,shikshakarmiyon,शिक्षकारमोयिं,शिक्षाकार्मियों
889,khandelwal,खंडेलवाल,खंडेलवाल
890,beverages,बेवेरेज,बेवरेजेस
891,pidiya,पिडिया,पीडिया
892,nadaf,नदफ,नदफ
893,jehe,जेहे,जेहे
894,dhahaaenge,ढहाएंगे,ढहाएँगे
895,mastmaula,मस््टमुला,मस्तमौला
896,agartala,अगरतला,अगरतला
897,jamayaa,जमाया,जमाया
898,pardesi,परदेसी,परदेसी
899,arya,आर्या,आर्यों
900,velvet,वेलवेट,वेलवेट
901,aapdaein,आपदाएं,आपदाएं
902,aagashe,आगाशे,आगाशे
903,achchi,अच्ची,अच्छी
904,udghosh,उद्घोष,उदघोष
905,swabhawatah,स्वभावतः,स्वभावतः
906,bani,बाणी,बानी
907,raykar,रायकर,राइकर
908,pidilite,पिडिलिट,पीडीलाइट
909,dual,डुआल,ड्युअल
910,bheera,भीरा,भीरा
911,silva,सिल्वा,सिल्वा
912,adhikaran,अधिकरण,अधिकरन
913,rangkata,रंगकाता,रंजकता
914,srichakra,श्रीचक्र,श्रीचक्र
915,gowmutra,गोयमुत्र,गौमूत्र
916,nichalaa,निचाला,निचला
917,burhanpur,बुरहनपुर,बुरहानपुर
918,sahooliyata,सहूलियता,सहूलियत
919,labdh,लब्ध,लब्ध
920,poole,पूले,पूल
921,strasion,स्ट्रैशन,स्ट्रेशन
922,picking,पिकिंग,पीकिंग
923,oditar,ओडितर,ऑडिटर
924,deniar,डेनियर,डेनिअर
925,ajit,अजित,अजित
926,langdon,लांगडों,लैंगडन
927,avashist,अवशिस्त,अवशिष्ट
928,jha,झ्ह,झ
929,prashasnik,प्रशासनिक,प्रशासनिक
930,bossier,बॉसियर,बोसीयर
931,badhachadhakar,बाधाचकधार,बढ़ाचढ़ाकर
932,giridih,गिरीडीह,गिरिडीह
933,bhuj,भुज,भुज
934,reading,रीडिंग,रीडिंग
935,fawaare,फवारे,फव्वारे
936,advait,एडविट,अद्वैत
937,rukate,रुकते,रुकते
938,anonditaa,अनोंदिता,अनोंदिता
939,fontana,फोंटना,फोंटाना
940,nyutriyo,न्युत्रियो,न्यूट्रियो
941,pailoton,पैलोटोन,पायलटों
942,jaden,जडें,जड़ें
943,boriwali,बोरीवाली,बोरीवली
944,ilaichi,इलाईची,इलाइची
945,alliance,एलीएंस,एलियंस
946,dhammaa,धम्मा,धम्मा
947,nahargadh,नाहरगढ़,नाहरगढ
948,nsiu,एनएसयूआई,एनएसआईयू
949,sapaat,सपात,सपाट
950,lengdan,लेंगदान,लैंगडन
951,panama,पनमा,पनामा
952,putle,पुटले,पुतले
953,aasaapaas,आसापास,आसापास
954,alwadhi,अलवाधी,अल्वधि
955,mufalisi,मुफलिसी,मुफलिसी
956,sansathaan,संसथान,संसथान
957,darshnaarthee,दर्शनार्थी,दर्शनार्थी
958,lokotsav,लोकोत्सव,लोकोत्सव
959,graahakonne,ग्राहकोंने,ग्राहकोंने
960,uchchaadhikaareeyo,उच्चाधिकारियो,उच्चअधिकारीयो
961,bhav,भव,बहाव
962,reja,रेजा,रेजा
963,motherson,मोथरसन,मदरसन
964,kauplaiks,कौपलिक्स,काॅप्लेक्स
965,aaburod,आबुरोद,आबूरोड
966,heidelbergceat,हेडिब्लोरकेट्ट,हैडलबेर्गसिएट
967,chimati,चिमाती,चिमटी
968,surfactants,सर्फक्टेंट्स,सर्फेकटेंट्स
969,mitao,मिटाओ,मिटाओ
970,kailana,कैलना,कायलाना
971,tankar,टंकर,टंकार
972,odhkar,अधकर,ओढ़कर
973,merta,मर्ता,मेड़ता
974,megavaal,मेगावल,मेगवाल
975,rasyanik,रास्यनिक,रसायनिक
976,soochnah,सूचनाह,सूचनाः
977,sugamata,सुगामता,सुगमता
978,jockey,जोके,जोकि
979,munaf,मुनाफ,मुनाफ
980,niswarth,निस्वार्थ,निस्वार्थ
981,kshetradwaaraa,क्षेत्राद्वारा,क्षेत्रद्वारा
982,mahawar,महावर,महावर
983,buldhana,बुलधाना,बुलढाना
984,dhamkata,धमकता,धमकाता
985,bhusvami,भूसवामी,भूस्वामी
986,vigyan,विज्ञान,विज्ञान
987,quete,क्यूट,क्यूट
988,bevkufana,बेवकुफ़ान,बेवकूफाना
989,jajmau,जजमौ,जाजमऊ
990,beltran,बेल्ट्रन,बेल्ट्रान
991,vilas,विलास,विलास
992,makhdumpur,मख्दुमपुर,मखदुमपुर
993,kolorado,कोलोरोडो,कोलोराडो
994,blackburn,ब्लैकबर्न,ब्लैकबर्न
995,suniti,सुनिती,सुनीति
996,ghigghee,घिग्ही,घिग्घी
997,flavonoids,फ्लेवोंडोइज,फ्लेवनाइड्स
998,chahunmukhi,चहुनुमखी,चहुंमुखी
999,supachye,सुपाच्ये,सुपाच्य
1000,siratee,सिरती,सिरती
1001,vishnu,विष्णु,विष्णु
1002,chaudahavan,चौड़वहन,चौदहवां
1003,chaudhari,चौधरी,चौधरी
1004,aabru,आबरू,आबरू
1005,balurak,बालूरक,बलुरक
1006,davangere,डवंंगेरे,दावणगेरे
1007,anurit,अनुरित,अनुरीत
1008,shipping,शिपिंग,शिपिंग
1009,patiala,पतियाला,पटियाला
1010,jaanam,जानम,जानम
1011,financial,फाइनेंशल,फाइनेंसियल
1012,damae,दमा,दमाए
1013,policy,पोलिची,पालिसी
1014,icc,आईसीसी,आइसीसी
1015,kuchchh,कुच्छ,कुच्छ
1016,cheekhna,चीखना,चीखना
1017,reliance,रिलाएंस,रिलायंस
1018,urvarakon,उर्वकरों,उर्वरकों
1019,ravael,रवेल,रवैल
1020,ladhkiyon,लढ़कियों,लड़कियो
1021,mukeshwaree,मुकीश्वरी,मुकेश्वरी
1022,wankshetra,वनक्षेत्र,वनक्षेत्र
1023,ummeede,उम्मीडे,उम्मीदे
1024,kahaavah,कहावाह,कहावह
1025,kaantipoorn,कांतिपूर्ण,कांतिपूर्ण
1026,badaaen,बदाएं,बड़ाएँ
1027,enseeaardablyusee,इन्सीयर्डिमीलेस,एनसीआरडब्ल्यूसी
1028,pratibaddhataa,प्रतिबद्धता,प्रतिबद्धाता
1029,follow,फोलोव,फ़ॉलो
1030,sevamukta,सेवामुक्त,सेवामुक्त
1031,evanston,इनसस्टोन,इवान्स्टन
1032,charas,चरस,चरस
1033,hills,हिल्स,हील्स
1034,robertsan,रोबरट्सन,रॉबर्टसन
1035,bhadauriya,भदौरिया,भदौरिया
1036,glaxosmithkline,ग्लैकसोपिंथसलिन,ग्लैक्सोस्मिथक्लीन
1037,producton,प्रोडक्टन,प्रॉडक्टों
1038,guevara,गुएवारा,गेवारा
1039,vigyaanon,विज्ञानों,विज्ञानों
1040,jarvis,जरविस,जार्विस
1041,laphz,लाफ़ज़,लफ्ज
1042,font,फॉन्ट,फॉन्ट
1043,paradheen,पराधीन,पराधीन
1044,shak,शक,शक़
1045,ganjhoo,गंझू,गंझू
1046,dit,डीआईटी,डिट
1047,danptiyon,दंप्तियों,दंपतियों
1048,maadhikhedhaa,माधिखेड़ा,माड़ीखेड़ा
1049,pratishthaanon,प्रतिश्थानों,प्रतिष्ठानोंं
1050,soond,सूंद,सूंड़
1051,ginte,जिनटे,गिनते
1052,alagalag,अलगगल,अलगअलग
1053,swastikakaar,स्वास्तिकाकार,स्वास्तिकाकार
1054,pratikaraa,प्रतिकारा,प्रतिकारा
1055,aastik,आस्तिक,आस्तिक
1056,niveshkartaa,निवेशकरता,निवेशकर्ता
1057,saval,सवल,सवाल
1058,sanskritiyan,संस्कृतियां,संस्कृतियां
1059,raubdar,राबद्र,रौबदार
1060,raghuram,रघुराम,रघुराम
1061,intaravyu,इंतर्वयु,इंटरव्यु
1062,chharhari,छरहरी,छरहरी
1063,sawyer,सवयेर,सॉयर
1064,bhasapa,भसपपा,भासपा
1065,jvaaron,ज्वारों,ज्वारों
1066,sansthita,संस्थिता,संस्थिता
1067,parshdon,परसदों,पार्षदों
1068,pulatskar,पुलतास्कर,पुलत्स्कर
1069,uthaaeange,उठाएंगे,उठाएँगे
1070,laengee,लेंगी,लाएंगी
1071,oeeef,ईईएफ,ओईएफ
1072,valsad,वाल्सड,वलसाड
1073,mulon,मुलों,मूलों
1074,putliyan,पुटलियां,पुतलियां
1075,shmil,शमिल,शमिल
1076,riggs,रिग्स,रिग्स
1077,camarillo,कैमारिलो,कैमेरिलो
1078,saflataa,सलफ़ता,सफ़लता
1079,vinasht,विनाश्त,विनष्ट
1080,kping,क्पिंग,कपिंग
1081,jayalalithaa,जयलिलाथा,जयललिता
1082,items,आईटीएमएस,आइटम्स
1083,soccer,सोसर,सॉकर
1084,asphalt,अस्फाल्ट,एस्फाल्ट
1085,mehrotra,मेहरोत्रा,मेहरोत्रा
1086,chune,चुने,चुने
1087,zarakh,ज़राख,जरख
1088,mejbaani,मेजबानी,मेज़बानी
1089,muflisi,मुफलिसी,मुफलिसी
1090,luna,लूना,लूना
1091,warnavyavasthaavaadiyon,वर्णत्ववादवादियों,वर्णव्यवस्थावादियों
1092,lipaaee,लिपाई,लिपाई
1093,uthni,उत्नी,उठनी
1094,bajaj,बजज,बजाज
1095,hisarah,हिसरह,हिसारः
1096,dampatiyon,दम्पतियों,दंपतियों
1097,watson,वाटसन,वॉटसन
1098,augustustine,अगुस्तुस्टीने,अगस्टाइन
1099,pataakshep,पताक्षेप,पटाक्षेप
1100,dhandhekhoree,धंधोखरी,धंधेखोरी
1101,ubhregaa,उभरेगा,उभरेगा
1102,anton,एंटॉन,एंटोन
1103,apardarshi,अपरदर्शी,अपारदर्शी
1104,nihlaani,निहलानी,निहलानी
1105,tivolee,टिवोली,टिवोली
1106,hogis,हॉगिस,होगिस
1107,winter,विंटर,विंटर
1108,badalavaakar,बदलवाकर,बदलवाकर
1109,ghumaee,घुमाई,घुमाई
1110,petaluma,पेटालुमा,पेटालुमा
1111,beeemdablyooem,बीडमीब्लूमी,बीएमडब्ल्यूएम
1112,bakhshate,बख्शते,बख्शते
1113,sanvedikaran,संवेदीकरण,संवेदीकरण
1114,telon,तेलों,तेलों
1115,ghummakkadon,घुम्मकड़ों,घुमक्कड़ों
1116,haanfte,हाँटफे,हांफते
1117,farheen,फरहीं,फरहीन
1118,james,जामेस,जेम्स
1119,kiratpur,किराटपुर,कीरतपुर
1120,redding,रेडिंग,रेडिंग
1121,shaq,शक,शक़
1122,surprise,सर्पााइज,सरप्राइज़
1123,kisanon,किसानों,किसानों
1124,chalenge,चलेंगे,चलेंगे
1125,yoder,योडर,योडेर
1126,stein,स्टेन,स्टीन
1127,paithelojist,पैथिलोजिस्ट,पैथेलॉजिस्ट
1128,labeling,लेबलिंग,लेबलिंग
1129,ikthiyosis,इक्तियोषिसी,इक्थियोसिस
1130,liberation,लिबरेशन,लिबरेशन
1131,phoodon,फूड़ों,फूडॉन
1132,nanhein,नन्हें,नन्हें
1133,bhadauria,भदौरिया,भदौरिया
1134,jatilaa,जतिला,जटिला
1135,pahunchanee,पहुंचनी,पहुंचनी
1136,raashtron,राष्ट्रों,राष्ट्रोंं
1137,blossom,ब्लॉसम,ब्लॉसम
1138,tandon,टंडोन,टंडन
1139,gadbadbadee,गड़बड़बीड़,गड़बड़बड़ी
1140,sanasthita,सनस्थिता,संस्थिता
1141,yatraen,यात्राएं,यात्राएं
1142,aadan,आदन,आदान
1143,javate,जवते,जावते
1144,niyuttiyon,नियुत्तियों,नियुत्तियों
1145,bhishm,भिषम,भीष्म
1146,hundiya,हुंडिया,हंडिया
1147,murgeepaalan,मुर्गीपालन,मुर्गीपालन
1148,malekar,मलेकर,मालेकर
1149,loveland,लववालंड,लवलैंड
1150,mavey,मावेय,मावे
1151,vikram,विक्रम,विक्रम
1152,hanfte,हैंटफे,हांफते
1153,barrackpore,बार्कापोर,बैरकपुर
1154,ghaziabad,गाजियाबाद,ग़ाज़ियाबाद
1155,tarkon,तर्कों,तर्कों
1156,spf,एसपीएफ,एसपीएफ
1157,artemis,आर्टिमिस,आर्टेमिस
1158,aipp,एआईपीपी,ऐप्प
1159,jaiban,जयबन,जयबाण
1160,gairairaadatan,गैराईदर्तन,गैरइरादतन
1161,vivekadhin,विवेकधिन,विवेकाधीन
1162,sabajooniyar,सबजूनियार,सबजूनियर
1163,faliya,फलिया,फालिया
1164,prekshakganon,प्रेक्षकांगों,प्रेक्षकगणों
1165,purvaasiyon,पूर्वासियों,पुरवासियों
1166,vipannata,विपन्नता,विपन्नता
1167,maanga,माँगा,मांगा
1168,ordanens,ओर्डेनेंस,ऑर्डनेंस
1169,pradhan,प्रधान,प्रधान
1170,abhiyuktonke,अभियुक्तकों,अभियुक्तोंके
1171,viratkhand,विरतखंड,विराटखंड
1172,hijbul,हिजबुल,हिजबुल
1173,vidyaon,विद्याओं,विद्याओं
1174,manju,माजू,मंजू
1175,chhawindra,छविंददार,छविंद्र
1176,chhupkar,छुपकर,छुपकर
1177,doranda,दोरंडा,डोरंडा
1178,saym,साम,सायं
1179,mithhaiyaan,मिथाईयाँ,मिठाइयाँ
1180,jeevvigyaniyon,जीवविज्ञानियों,जीवविज्ञानियों
1181,pashtuun,पश्तुओं,पश्तून
1182,brahraachaarinee,ब्रह्रचारिणी,ब्रह्राचारिणी
1183,jerusalem,जेरूसलमे,यरूशलेम
1184,altamonte,अल्टामोन्ट,एल्टामोंटे
1185,sihuntaa,सिहुंता,सिहुंता
1186,hemwati,हेमवती,हेमवती
1187,koshadhikaaree,कोषाधिकारी,कोषाधिकारी
1188,ashanka,अशांका,आशंका
1189,bean,बीईएन,बीन
1190,vaigyanikata,वैज्ञानिकता,वैज्ञानिकता
1191,jheelon,झीलों,झीलों
1192,robarto,रोबार्टो,रोबर्तो
1193,shrirampur,श्रीरामपुर,श्रीरामपुर
1194,manchiya,मंचिया,मंचीय
1195,vasoolataa,वसूलता,वसूलता
1196,morrison,मोर्सिन,मोरीसन
1197,mhagranth,माहग्रंथ,महाग्रंथ
1198,transistor,ट्रांसिस्टर,ट्रांजिस्टर
1199,sarvjaatiya,सर्जवातीय,सर्वजातीय
1200,patotsav,पतोत्सव,पाटोत्सव
1201,houkee,हौकी,हाॅकी
1202,medithsan,मेडिथ्सन,मेडिथ्सन
1203,udana,उड़ना,उड़ाना
1204,saraaymohiuddeenpur,सरायमहउदीअंपर्द,सरायमोहिउद्दीनपुर
1205,petersburg,पेटरसबर्ग,पीटर्सबर्ग
1206,ranjkatha,रंजकथा,रंजकता
1207,diya,डिया,दीया
1208,mohindar,मोहिन्दार,माेहिंदर
1209,mastek,मास्टक,मस्टेक
1210,nirbadh,निरबाध,निर्बाध
1211,ehsaas,एहसास,एहसास
1212,avrutiyon,अवृतुयों,आवृत्तियों
1213,eshiyavan,ऐशियावन,एशियवन
1214,thki,ठक्ची,थकी
1215,turbine,टरबाइन,टरबाइन
1216,dimaak,डिमाक,दिमाक
1217,jodhpur,जोधपुर,जोधपुर
1218,durdhara,दुर्धरा,दरदरा
1219,khaastaur,खास्तौर,ख़ासतौर
1220,makrani,मकरानी,मकरानी
1221,high,हिघ,हाई
1222,fatahi,फताही,फटही
1223,mariya,मरिया,मारिया
1224,ganv,गंव,गॉंव
1225,pendulam,पेंडुलम,पेंडुलम
1226,aavishakaar,आविशाकर,आविष्कार
1227,natijeh,नतीजेह,नतीजेः
1228,jeffersonville,जेफर्शनवालि,जेफरसनविल
1229,brahmasiddhi,ब्रह्मसिद्धि,ब्रह्मसिद्धि
1230,tulshidas,तुलशीदास,तुलसीदास
1231,reeta,रीता,रीता
1232,charchaamanch,चर्चामंच,चर्चामंच
1233,pratikaaraa,प्रतिकारा,प्रतिकारा
1234,tarkwaad,तरक्वाड़,तर्कवाद
1235,dabangon,दबंगों,दबंगों
1236,hichkicha,हिचकीचा,हिचकिचा
1237,sheershakon,शीर्षकों,शीर्षकों
1238,dam,डीएमए,डम
1239,dviarthee,ड्वायर्थी,द्विअर्थी
1240,jawabah,जवाबाह,जवाबः
1241,bahumaan,बहुमाँ,बहुमान
1242,jaanchkarata,जांचकरता,जांचकर्ता
1243,vandemaataram,वंदेमततर,वन्देमातरम्
1244,should,शोल्ड,शुड
1245,agsta,अगस्टा,अगस्ता
1246,neu,ने,एनईयू
1247,dastakhatshuda,दस्ताखखातु,दस्तखतशुदा
1248,surinama,सुरीनामा,सूरीनाम
1249,kingkhan,किंगखान,किंगखान
1250,taras,तास,तरस
1251,rekannecting,रेकेन्टिंग,रिकनेक्टिंग
1252,phaibrik,फिबर्क,फाइब्रिक
1253,clair,क्एलियर,क्लेयर
1254,chhejat,छेजत,छीजत
1255,mominatolaa,मोमिनेटोला,मोमिनटोला
1256,virodh,विरोध,विरोध
1257,arena,अरेना,अरेना
1258,unionwaadi,यूनियोंवाड़ी,यूनियनवादी
1259,bamleshvaree,बामलेश्वर,बम्लेश्वरी
1260,boca,बोईसा,बोका
1261,immaturity,इम्ैच्यूरिटी,इम्मैच्योरिटी
1262,sansthaan,संस्थान,संसथान
1263,jin,जीईएन,जीन
1264,dadrewa,दादरेवा,ददरेवा
1265,kide,किडे,कीड़े
1266,karawanou,कारावाणू,करावणौ
1267,putin,पुतिन,पुतिन
1268,tankaar,तनकार,टंकार
1269,khatakati,खटकती,खटकती
1270,jadd,जड्ड,जड़
1271,pushpa,पुष्पा,पुष्प
1272,gm,जीएम,जीएम
1273,yusugi,युसुगी,युसूगी
1274,korola,कोरोला,कोरोला
1275,pyade,प्याडे,प्यादे
1276,karavaayegee,करावाएगी,करवायेगी
1277,balaatkaariyon,बलातकारियों,बलात्कारियों
1278,jatatee,जतती,जताती
1279,gurdaspur,गुरदससुर,गुरदासपुर
1280,shreshthaswaroop,श्रेष्ठावरूपाप,श्रेष्ठस्वरूप
1281,shubhprabhaa,शुभप्रभा,शुभप्रभा
1282,europlast,यूरोप्लास्ट,यूरोप्लास्ट
1283,rashtrabhakton,राष्ट्रभक्तों,राष्ट्रभक्तों
1284,canterbari,कैन्टेरारी,कैंटरबरी
1285,communicators,कम्मुनिकेटर्स,कम्युनिकेटर्स
1286,mahamanch,महामंच,महामंच
1287,conway,कॉनवे,कॉन्वे
1288,dwf,डीजेएफ,डीडब्ल्यूएफ
1289,reeves,रीवीस,रीव्स
1290,dabhoi,डभोई,डभोई
1291,bhootal,भूतल,भूतल
1292,insaano,इंसानो,इंसानो
1293,emily,एमिली,एमिल
1294,vigyaanam,विज्ञानम,विज्ञानम
1295,sapatey,सपते,सपाटे
1296,atwaal,अतवाल,अटवाल
1297,hindan,हिंदान,हिंडन
1298,aaufisaree,आइफसीर,ऑफिसरी
1299,montclair,मॉनक्लेयर,मोंटक्लेयर
1300,purnsveekrit,पुर्णस्वीकृत,पुर्नस्वीकृत
1301,richardson,रिचार्डसन,रिचर्डसन
1302,sandrbh,संद्रभ,संदर्भ
1303,fargo,फार्गो,फार्गो
1304,aleem,अलीम,अलीम
1305,saptakranti,सप्तकर्ण्ती,सप्तक्रांति
1306,hr,हीआर,एचआर
1307,imaandaari,इमानदारी,इमानदारी
1308,kontrekting,कांटरक्टिंग,कॉन्ट्रेक्टिंग
1309,gangajal,गंगाजल,गंगाजल
1310,gaur,गौर,गौर
1311,adhikariyon,अधिकारियों,अधिकरियों
1312,bandhan,बांधन,बंधान
1313,sendha,सेन्धा,सेंधा
1314,dablyoopidi,दब्लयुपीडी,डब्ल्यूपीडी
1315,gravita,ग्रेविता,ग्रविटा
1316,lincoln,लिंकोल,लिंगकन
1317,pravrittivigyanon,प्रवृत्तिवित्यांं,प्रवृत्तिविज्ञानों
1318,cementation,सीमेंटेशन,सीमेंटेशन
1319,bagad,बगड़,बगड़
1320,gentry,जेंट्री,जेन्ट्री
1321,datson,डाटसन,डैटसन
1322,montebello,मोंटेबेलो,मोंटेबेल्लो
1323,renewables,रेनेवेबल्स,रिन्यूएबल्स
1324,naksalwad,नक्सलवाड,नक्सलवाद
1325,aitraz,एत्राज़,ऐतराज़
1326,itibhagwatee,इतिभागवती,इतिभगवती
1327,niveshkarta,निवेशकर्ता,निवेशकर्ता
1328,patkathayen,पटकाठयें,पटकथाएं
1329,kaabiletaarif,काबिलेटरी,काबिलेतारीफ
1330,bhaadas,भादस,भादस
1331,bhogte,भोगते,भोगते
1332,holding,होल्डिंग,होल्डिंग
1333,dhatta,धत्ता,धत्ता
1334,dhoron,धोरों,धोरों
1335,upakhyanon,उपख्यानों,उपाख्यानों
1336,fayetteville,फैयटेवलिले,फयेत्तेविल्ले
1337,stockton,स्टॉकटॉन,स्टॉकटन
1338,brijesh,ब्रिजेश,ब्रजेश
1339,pratigya,प्रतिज्ञ,प्रतिज्ञा
1340,badhaati,बढ़ती,बढ़ाती
1341,then,थेन,थेन
1342,thomas,थोमास,थॉमस
1343,dhyeywadi,ध्येयवाडी,ध्येयवादी
1344,tuesday,तुएसदाय,ट्यूजडे
1345,wgpl,वीजीपीएल,डब्ल्यूजीपीएल
1346,ovum,ओवम,ओवम
1347,gati,गाटी,गति
1348,nucleus,न्यूक्लियस,न्यूक्लियस
1349,kraar,क्रार,क़रार
1350,purooshottamaachary,पुरोषोत्तमाचार्य,पुरूषोत्तमाचार्य
1351,manchanda,मानचंदा,मनचंदा
1352,lahsun,लहसून,लहसुन
1353,naqaab,नकाब,नक़ाब
1354,suja,सूजा,सूजा
1355,mckenzie,मैकेंजी,मैकेंज़ी
1356,purzon,पूरजों,पुर्जों
1357,bahunt,बहुंत,बहुंत
1358,bravo,ब्रावो,ब्रावो
1359,amaanat,अमानत,अमानत
1360,jhuthla,झुठला,झुठला
1361,bush,बुश,बुश
1362,chaukhate,चौखते,चौखटे
1363,apar,अपर,अपर
1364,asthetic,एस्थेटिक,एस्थेटिक
1365,kshetradwara,क्षेत्राद्वार,क्षेत्रद्वारा
1366,sajja,सज्जा,सज्जा
1367,dhahaane,ढहाने,ढहाने
1368,nariyalyukt,नारियालुक्त,नारियलयुक्त
1369,jealous,जेयूलस,जूलूस
1370,kursiyo,कुरसियो,कुर्सियॉ
1371,singhaadey,सिंघाड़ी,सिंघाड़े
1372,amy,एमी,एमी
1373,antarmukh,अंतरमुख,अंतर्मुख
1374,thakkar,ठक्कर,ठक्कर
1375,badbolepan,बैडबोलेपन,बड़बोलेपन
1376,naxaliyon,नाकालियों,नक्सलियों
1377,manner,मानर,मैनर
1378,himali,हिमाली,हिमाली
1379,naksalavaad,नक्सलावाद,नक्सलवाद
1380,half,हाल्फ,हॉफ
1381,mahaadharmaadhyaksha,महाधर्मध्यक्षा,महाधर्माध्यक्ष
1382,parmoujood,पारमौजू,परमौजूद
1383,tippanikar,टिप्पणीकर,टिप्पणीकार
1384,perels,पेरेल्स,पेरेल्स
1385,bhapaee,भपी,भपाई
1386,beetaane,बीताने,बीताने
1387,valve,वालवे,वाल्व
1388,dwirookta,द्विरूक्त,द्विरुक्त
1389,eddie,एडीवी,एड्डी
1390,jivaniyaan,जीवनियां,जीवनियां
1391,panghal,पंघल,पंघाल
1392,khand,खंड,खंडा
1393,urvarkon,उर्वर्कों,उर्वरकों
1394,besin,बेसिन,बेसिन
1395,giriwasiyon,गिरिवासियों,गिरिवासियों
1396,paradhin,पराधीी,पराधीन
1397,pukhtaa,पुखता,पुख़्ता
1398,achnera,अचनेरा,अछनेरा
1399,carson,कार्सन,कार्सन
1400,delta,डेल्टा,डेल्टा
1401,tripura,त्रिपुरा,त्रिपुरा
1402,alaymani,अलायमणी,अलयमनी
1403,kheda,खेड़ा,खेड़ा
1404,nahargarh,नाहरगढ़,नाहरगढ
1405,shalimar,शलीमार,शालीमार
1406,immaichyority,इम्याकियोरिटी,इम्मैच्योरिटी
1407,elendt,इलेंड्ट,एलएंडटी
1408,properphasebuk,प्रोपेर्षुकेब,प्रॉपरफेसबुक
1409,udanon,उड़नों,उड़ानों
1410,mhajan,महाजन,महाजन
1411,moses,मोसेस,मोसेस
1412,bataayaaki,बतायकी,बतायाकि
1413,alai,अलै,अली
1414,ilectromeetar,इलेक्ट्रोमीटर,इलेक्ट्रोमीटर
1415,amod,अमोद,आमोद
1416,rookenge,रूकेंगे,रूकेंगे
1417,maariya,मारिया,मारिया
1418,raagon,रागों,रागों
1419,aaipief,आइपीएईएफ,आइपीएफ
1420,phalitartha,फलितार्थ,फलितार्थ
1421,supachy,सुपाची,सुपाच्य
1422,awashist,अवशिस्त,अवशिष्ट
1423,ishat,इशत,ईष्ट
1424,rate,रते,रेट
1425,aata,आटा,आटा
1426,mahalon,महलों,महलों
1427,warishthon,वरिष्ठों,वरिष्ठों
1428,jalapot,जलापोट,जलपोत
1429,katrina,कतरीना,कैटरीना
1430,jismafaroshee,जिस्मफरोशी,जिस्मफरोशी
1431,salary,सलारी,सैलरी
1432,raza,राजा,रज़ा
1433,rectare,रेक्टेयर,रैकेटियर
1434,basil,बासिल,बेसिल
1435,badhaataa,बढ़ता,बढ़ाता
1436,charanbaddha,चरणबद्ध,चरणबद्घ
1437,bhadkaya,भड़काया,भड़काया
1438,sahityotsav,सहित्योत्सव,साहित्योत्सव
1439,naraseepura,नरससुपर,नरसीपुरा
1440,samjhunga,समझुंगा,समझूंगा
1441,chandrapur,चंददारर,चंद्रपुर
1442,sarkaa,सरका,सरका
1443,dhaah,धाह,ढाह
1444,praudh,प्रौढ,प्रौढ
1445,ahitakaaree,अहितकारी,अहितकारी
1446,darawani,दारावानी,डरावनी
1447,belinda,बेलिन्दा,बेलिंडा
1448,alayamanee,अलायमीी,अलयमनी
1449,datsun,दत्सून,डैटसन
1450,ate,अते,अते
1451,fasteners,फास्टीनर्स,फास्नर्स
1452,bangravala,बंगरावाला,बंगरावाला
1453,saira,सैरा,सायरा
1454,atthas,एट्श,अट्टहास
1455,nirdal,निरदाल,निर्दल
1456,mahbubnagar,महबूनगनर,महबूबनगर
1457,daratey,डारेटे,डराते
1458,valkkan,वालककां,वल्कन
1459,khastaur,खस्तौर,ख़ासतौर
1460,barsaai,बरसाई,बरसाई
1461,ananddaayak,आन्दद्याक,आनंददायक
1462,banbi,बांबी,बांबी
1463,toh,तोह,तो
1464,asmanye,असमान्ये,असमान्य
1465,wipannta,विपननात,विपन्नता
1466,spast,स्पस्ट,स्पस्ट
1467,amzera,एमज़ेरा,अमझेरा
1468,bechakar,बेचकर,बेचकर
1469,ghatabadh,घटबबाध,घटबढ़
1470,kaushalta,कौशलता,कौशलता
1471,machine,मचीने,मशीन
1472,wireless,वायरलेस,वायरलेस
1473,fainn,फें,फैंन
1474,gaano,गाँव,गानो
1475,khambhat,खम्भाट,खंभात
1476,kyooaaeepeees,क्यूआईपीसी,क्यूआईपीएस
1477,dublin,डब्लिन,डबलिन
1478,mta,एमटीए,एमटीए
1479,samruddhiyon,समृद्धियों,समृद्धियों
1480,radhakrushnadas,राधाक्षुरादास,राधाकृष्णदास
1481,kaansting,कांस्टिंग,कांस्टिंग
1482,idukki,इदुक्की,इड्डुक्कि
1483,industrial,इंडस्ट्रियल,इंडस्ट्रियल
1484,bharatwanshee,भारतवंशी,भारतवंशी
1485,maangi,माँगी,मांगी
1486,robins,रॉबिंस,रॉबिंस
1487,vladimir,व्लादिमिर,व्लादिमीर
1488,pehowa,पहोवा,पेहोवा
1489,bagh,बाघ,बाग
1490,ummidwaaree,उम्मीदवारी,उम्मीदवारी
1491,saafgoi,साफ़गोई,साफगोई
1492,koottaa,कूट्टा,कूत्ता
1493,adain,अडें,एडेन
1494,grenite,ग्रेनाइट,ग्रेनाइट
1495,ustara,उस्तारा,उस्तरा
1496,dhundhta,ढूंढता,ढूंढता
1497,sangheeyataa,संघीयता,संघीयता
1498,kumari,कुमारी,कुमारी
1499,depthiriya,डेप्थिरिया,डिप्थीरिया
1500,adchane,अडचने,अड़चने
1501,koriyaah,कोरियाह,कोरियाः
1502,prapat,प्रपत,प्रपात
1503,chhudawaaya,छुड़वाया,छुड़वाया
1504,suiyan,सुइयाँ,सूइयां
1505,veronika,वेरोनिका,वेरोनिका
1506,schaeffler,शेफ्ललर,स्कैफलर
1507,jyaadaa,ज्यादा,ज़यादा
1508,potter,पोटर,पॉटर
1509,media,मेडिया,मीडिया
1510,yarushalem,युरुशेलम,यरूशलेम
1511,pichde,पिचडे,पिछड़े
1512,letaseng,लेटासेंग,लेटसेंग
1513,arthavyawasthataaon,अर्थव्यवस्थाटाओं,अर्थव्यवस्थताओं
1514,kakoo,काकू,काकू
1515,nirdeshika,निर्देशिका,निर्देशिका
1516,seto,सेतो,सेटो
1517,navate,नवते,नवाते
1518,samvedansheelata,संवेदनशीलता,संवेदन्शीलता
1519,roadrej,रोडरेज,रोडरेज
1520,chhahon,छहों,छहों
1521,laphj,लाफज,लफ्ज
1522,vanshvad,वंशवाद,वंशवाद
1523,rohtak,रोहतक,रोहतक
1524,atakta,अटकता,अटकता
1525,baawaraa,बावरा,बावरा
1526,kribarabh,क्रीबारभ,कृबरभ
1527,prakashakah,प्रकाशाह,प्रकाशकः
1528,styrolution,स्ट्रायुलोशन,स्टायरोल्यूशन
1529,apaardarshi,अपारदर्शी,अपारदर्शी
1530,bengaluru,बेंगलारू,बेंगलुरु
1531,andhapan,अंधापन,अंधापन
1532,mainan,मैनन,मैनन
1533,kyaah,क्याह,क्याः
1534,formulae,फ़ॉर्मुयुल,फार्मूले
1535,hamalavar,हमलावर,हमलावर
1536,amavasya,अमावस्य,अमावस्या
1537,purvapekshaaon,पूर्वपककषाओं,पूर्वापेक्षाओं
1538,daishawaalaa,दैशावाला,डैशवाला
1539,oklahoma,ओकलाहोमा,ओकलाहोमा
1540,darmait,डरमैत,डारमैट
1541,sahakalakar,सहकलकर,सहकलाकार
1542,fatma,फटमा,फातमा
1543,khalati,खलती,खलती
1544,dayitva,दयित्व,दायित्व
1545,kyusaiks,क्युसाक्स,क्यूसैक्स
1546,tolakarmee,तोलकर्मी,टोलकर्मी
1547,version,वर्सियन,वर्शन
1548,parisamvad,परिसमवाद,परिसंवाद
1549,immune,इमुमुन,इम्युन
1550,bachti,बचती,बचती
1551,utilities,यूटीलाइटीज,यूटिलिटीज
1552,malmaas,मलमास,मलमास
1553,cadmium,कैडमियम,कैडमियम
1554,antioch,एंटीकॉय,एन्टीओक
1555,khatedaar,खतेदार,खातेदार
1556,mohini,मोहिनी,मोहिनी
1557,vishwasniiyataa,विश्वसिनीयता,विश्वसनीयता
1558,rehman,रेहमान,रहमान
1559,kanblon,कानबलों,कंबलों
1560,aaryika,आर्यिका,आर्यिका
1561,marrej,मार्ज,मैरेज
1562,chheenk,छींक,छींक
1563,phalata,फलाता,फलता
1564,baagoraa,बागोरा,बागोरा
1565,pakaude,पकौड़े,पकौड़े
1566,lucie,ल्यूसी,लूसी
1567,fatehgadh,फतेहगढ़,फतेहगढ़
1568,grahanakaal,ग्रहणाकल,ग्रहणकाल
1569,jobs,जोब्स,जॉब्स
1570,sadanand,सदानंद,सदानंद
1571,dutt,ड्ट,दत्त
1572,murgeepalan,मुर्गीपालन,मुर्गीपालन
1573,lurhakate,लुरहकते,लुढ़कते
1574,palmonari,पलमोनोरी,पल्मोनरी
1575,win,वाईन,डब्ल्यूआईएन
1576,ubhaara,उभारा,उभारा
1577,beck,बेक,बेक
1578,padaraunaa,पड़रौना,पडरौना
1579,bandhate,बंधते,बांधते
1580,kapoor,कपूर,कपूर
1581,sevaala,सेवाला,सेवाला
1582,vershan,वेरशन,वर्शन
1583,chidhate,चिधते,चिढ़ते
1584,thane,थान,थाणे
1585,nikalogi,निकालोगी,निकलेगी
1586,mogali,मोगली,मोगली
1587,dredger,ड्रेडर,ड्रेजर
1588,nagarik,नागरिक,नागारिक
1589,gajipur,गजीपुर,गाजीपुर
1590,vadak,वडक,वादक
1591,mitchell,मिचेल,मिचेल
1592,gyatvy,ग्यात्वी,ज्ञातव्य
1593,standhaari,स्तन्धारी,स्तनधारी
1594,dhoraaji,धोराजी,धोराजी
1595,abdunnaasir,अब्दुन्नसीर,अब्दुन्नासिर
1596,vishvwandhya,विश्ववंध्या,विश्ववंद्या
1597,satyaarthprakash,सत्यार्थप्रक्ष,सत्यार्थप्रकाश
1598,shivamogga,शिवामोग्गा,शिवमोगा
1599,ghumakkdi,घुमक्कड़ी,घुमक्कड़ी
1600,gayen,गयें,गाएं
1601,chee,ची,ची
1602,theateron,थीटेरों,थिएटरों
1603,anadhikaarik,अनाधिकारिक,अनाधिकारिक
1604,shasak,शासक,शासक
1605,hines,हिनेस,हाइंस
1606,bettiah,बेट्टिया,बेतिया
1607,dhatna,धातना,धटना
1608,rahamat,रहमत,रहमत
1609,motihari,मोतीहरी,मोतिहारी
1610,pearson,परसन,पियरसन
1611,ujback,उजबैक,उज़्बेक
1612,wheeling,व्हीलिंग,व्हीलिंग
1613,pythogaras,पाइथोग्रेस,पाइथागोरस
1614,wipro,विप्रो,विप्रो
1615,kaabiletaareef,काबिलीतरी,काबिलेतारीफ
1616,jamaate,जमाते,जमाती
1617,pulam,पुलाम,पुलम
1618,daubaaraa,डौबारा,दौबारा
1619,portillo,पोर्टिलो,पोर्टिलो
1620,adhik,अधिक,अधीक
1621,dhumrapaan,धुम्रपान,धुम्रपान
1622,daampatya,डामपट्य,दांपत्य
1623,jamudiya,जामुदिया,जामुड़िया
1624,pedoo,पेडू,पेडू
1625,pipra,पिप्र,पिपरा
1626,blair,ब्लेअर,ब्लेयर
1627,communications,कम्युनिकेशन्स,कम्यूनिकेशन्स
1628,alayans,अलायन्स,अलायंस
1629,aradas,अरादास,अरदास
1630,gudna,गुडाना,गुदना
1631,just,जस्ट,जस्ट
1632,aawajon,आवाजों,आवाज़ों
1633,benvar,बेनवार,बेंवर
1634,amarillo,अमारिलो,अमारिलो
1635,bramhaand,ब्रम्हंद,ब्रह्माण्ड़
1636,dikhai,दिखाई,दिखार्इ
1637,tantro,टैंट्रो,तंत्रों
1638,aasan,आसन,आसान
1639,tuglakabad,तुगलाकाबाद,तुगलकाबाद
1640,sutton,सुट्टन,सट्टन
1641,kandrour,कैंड्रूर,कंदरौर
1642,khanna,खान्ना,खन्ना
1643,nikalani,निकालनी,निकालनी
1644,dibanoo,डिबानू,डिबनू
1645,immachyoritee,इम्चैयोरियटी,इम्मैच्योरिटी
1646,tolaasan,तोलासन,तोलासन
1647,jaanaakaree,जानाकरी,जानाकरी
1648,liwaal,लिवाल,लिवाल
1649,engeline,एंज़लाइन,एंजेलिन
1650,rushitaa,रुशिता,ऋषिता
1651,flint,फ्लाइंट,फ्लिंट
1652,vrishchikahsaptah,वृष्चिकस्पह,वृश्चिकःसप्ताह
1653,aasmatee,आसमती,आसमती
1654,girkar,गिरकर,गिरकर
1655,vaigyaanik,वैग्ञानिक,वैज्ञानिक
1656,bishadhee,बिशाधी,बिशड़ी
1657,phoolatee,फूलती,फूलती
1658,punahsthapana,पुनःःस्थापन,पुनःस्थापना
1659,badh,बढ़,बाध
1660,gandha,गंढा,गंध
1661,chakshu,चक्षु,चक्षु
1662,miktaam,मिकताम,मिकटॉम
1663,liidaron,लिदारों,लीडरों
1664,zabardast,ज़बदरस्त,ज़बर्दस्त
1665,stuti,स्टुटी,स्तुति
1666,aurato,औराटो,औरतो
1667,heblikar,हेबलिकर,हेब्लिकर
1668,rattebaajee,रत्तेबाजी,रट्टेबाजी
1669,francisca,फ्रांसकिसा,फ्रांसिस्का
1670,mumba,मुंबा,बंबा
1671,pratiyukti,प्रतियुक्ति,प्रतियुक्ति
1672,darati,दराती,डराती
1673,pranon,प्रणों,प्राणों
1674,madison,मैडिसन,मेडिसन
1675,nibhaaegee,निभागीी,निभाएगी
1676,myers,मायर्स,मयर्स
1677,kashyap,काश्यप,कश्यप
1678,brigadier,ब्रिगेडियर,ब्रिगेडियर
1679,ambikaaon,अम्बिकाओं,अम्बिकाओं
1680,hogaah,होगाह,होगाः
1681,ishaak,ईशाक,इशाक
1682,sumi,सुमी,सुमि
1683,deshbhaktimaya,देशभक्तिमय,देशभक्तिमय
1684,dharmapatriyaan,धर्मपत्रियां,धर्मपत्रियां
1685,krishnanagar,कृषणणगर,कृष्णानगर
1686,ea,ईए,ईए
1687,aayudhnirmaanee,आयुध्धीरमणि,आयुधनिर्माणी
1688,taaja,ताजा,ताजा
1689,ajasra,अजसरा,अजस्र
1690,fijulkharchi,फिजूलखर्ची,फिजूलखर्ची
1691,mantrayon,मंत्र्यों,मंत्रयों
1692,tanta,तंता,तांता
1693,dealership,डेलरशिप,डीलरशिप
1694,chapel,चेपल,चैपल
1695,dhwanimikon,ध्वनिमिकों,ध्वनिमिकों
1696,education,एडुकेशन,एजुकेशन
1697,jarakh,जराख,जरख
1698,neet,नीत,नीट
1699,jilawaasiyon,जिलावासियों,जिलावासियों
1700,samprabhuta,सम्प्रभुता,संप्रभुता
1701,kasegaa,कसेगा,कसेगा
1702,pakanevala,पकनेवाला,पकानेवाला
1703,deepn,दीपी,दीपन
1704,kalasaanaa,कलसना,कलसाना
1705,mugaalataa,मुगालता,मुगालता
1706,tokne,टोकने,टोकने
1707,falibhoot,फलीभूत,फलीभूत
1708,gyonth,ज्योंथ,ग्योंठ
1709,dikhaai,दिखाई,दिखार्इ
1710,shaamjeebhaaee,शामजीझाए,शामजीभाई
1711,pahnaakar,पहनाकर,पहनाकर
1712,kisaani,किसानी,किसानी
1713,udhaaradaataaon,उधारादाताओं,उधारदाताओं
1714,ramtek,रामटेक,रामटेक
1715,wyaakhyaatmaktaa,व्याख्यात्मकता,व्याख्यात्मकता
1716,somvaar,सोमवार,साेमवार
1717,vista,विस्ता,विस्टा
1718,polimer,पोलिमर,पॉलिमर
1719,raktaabh,रक्ताभ,रक्ताभ
1720,bhugta,भुगता,भुगता
1721,bhrashtachareeyon,भ्रष्टाचारियों,भ्रष्टाचारीयों
1722,khatakti,खटकती,खटकती
1723,mukhyamantriyon,मुख्यमंत्रियों,मुख्यमन्त्रियों
1724,mad,मड,मैड
1725,kakshaang,कक्षांग,कक्षांग
1726,jain,जैन,जैन
1727,mahin,माहिं,महीन
1728,survana,सुरवाना,सुर्वणा
1729,baangarotiya,बाँगरोटिया,बांगरोटिया
1730,rasaayanik,रसायनिक,रसायनिक
1731,aurora,औरोरा,औरोरा
1732,chamchagiree,चमचागिरी,चमचागिरी
1733,ncrwc,एनक्रवस,एनसीआरडब्ल्यूसी
1734,ainthey,एंथे,ऐंठे
1735,essel,ईएसएसईएल,एस्सेल
1736,deshsewa,देशसेवा,देशसेवा
1737,ilectrotecs,इलक्ट्रोट्क्स,इलेक्ट्रोटेक्स
1738,workcharge,वर्चगार्ज,वर्कचार्ज
1739,kaarwaai,कारवाई,कार्वाई
1740,jhanktaa,झनकटा,झांकता
1741,urgent,अर्जेंट,अर्जेंट
1742,sapraman,सप्रमाण,सप्रमाण
1743,maurya,मौर्य,मौर्यों
1744,jini,जिनी,जिनी
1745,jagadeeshachandra,जगदीशधानंदर,जगदीशचंद्र
1746,asurakshit,असुरक्षित,असुरक्षित
1747,kaavyoktiyaan,काय्वोक्तियाँ,काव्योक्तियां
1748,alnkaar,अलंकार,अलंकार
1749,svadpremiyon,स्वाडप्रेमियों,स्वादप्रेमियों
1750,jaatak,जाटक,जातक
1751,rollers,रोलर्स,रोलर्स
1752,ashaktataa,अशक्तता,अशक्तता
1753,kaathiyavadee,काठियावीड,काठियावड़ी
1754,aavriti,आवृति,आवृत्ति
1755,vidyaayein,विद्याएँ,विद्याएं
1756,vidhivat,विधिवत्,विधिवत
1757,raadhe,राधे,राधे
1758,mukhyamantrisamvaaddaata,मुख्यमंत्रिकमद्वता,मुख्यमंत्रीसंवाददाता
1759,praansangalee,प्राणसंगली,प्राणसंगली
1760,kanalog,कनलोग,कनलोग
1761,pudukkottai,पुदुकोट्ट्टई,पुदुकोट्टई
1762,nicky,निकी,निकी
1763,fuhadtaa,फुड़त्ता,फूहड़ता
1764,patachep,पैचाचेप,पटाक्षेप
1765,retreate,रिट्रीएट,रीट्वीट
1766,manovaigyaaniyon,मनोवाज्ञानियों,मनोवैज्ञानियों
1767,stanadhari,स्तनाधारी,स्तनधारी
1768,mukhyopadhyaay,मुख्यपोधयाय,मुखोपाध्याय
1769,nirbaadh,निर्बाध,निर्बाध
1770,todne,टोडन,तोडऩे
1771,avuti,अवुती,आवृत्ति
1772,parikshankartaon,परीक्षकांतराओं,परीक्षणकर्ताओं
1773,extactor,एक्सटैक्टर,एक्सटेक्टर
1774,nashik,नशिक,नाशिक
1775,rasayanon,रसायनों,रसायनों
1776,vaitravati,वैत्रवती,वैत्रवती
1777,ogrenaaij,ऑग्रेनाजी,ऑग्रेनाइज
1778,chausingha,चौसिंघा,चौसिंगा
1779,phalodi,फलोड़ी,फलोदी
1780,skhalan,स्खलन,स्खलन
1781,panaamaa,पनामा,पनामा
1782,nigar,नीगर,निगर
1783,monte,मोंते,मोंटे
1784,suneeti,सुनीती,सुनीति
1785,shrabon,श्रबों,शराबों
1786,ambikaon,अंबबिकाओं,अम्बिकाओं
1787,gujara,गुजरा,गुजारा
1788,photofrem,फोटोफ्रेम,फोटोफ्रेम
1789,prahlaad,प्रहलाद,प्रहलाद
1790,beesavaan,बीसवाँ,बीसवां
1791,dvivedi,द्विवेदी,द्विवेदी
1792,denewaali,देनेवाली,देनेवाली
1793,burleson,बर्लेसन,बर्ल्सन
1794,bharadwaj,भारद्वाज,भारद्वाज
1795,jataati,जताती,जताती
1796,malegaon,मालेगांव,मालेगांव
1797,rahugaan,रहुूगां,रहुगाँ
1798,mahamantra,महामंत्र,महामंत्र
1799,beast,बेस्ट,बीस्ट
1800,divyata,दिव्यता,दिव्यता
1801,sanjivan,संजीवन,संजीवन
1802,kuposhit,कुपोषित,कुपोषित
1803,eksclation,एक्सक्लेशन,एक्सक्लेशन
1804,chadhega,चढ़ेगा,चढ़ेगा
1805,texarkana,तेक्सरकाना,टेक्सरकाना
1806,dungerpur,डंगरपुर,डूंगरपुर
1807,sarahi,सराही,सराही
1808,laalaparee,लालापरी,लालपरी
1809,aeronautics,एयरोनॉटिक्स,एरोनॉटिक्स
1810,worth,वर्थ,वर्थ
1811,aasteen,आस्तीन,आस्तीन
1812,svapnika,स्वप्निका,स्वप्निका
1813,upakaaryaalayon,उपकारायलयों,उपकार्यालयों
1814,mimicry,मिमिक्री,मिमिक्री
1815,ballabh,बल्लभ,बल्लभ
1816,veriphication,वर्फिकिएशन,वैरीफ़िकेशन
1817,hackensack,हैसेंकास,हैकेंसैक
1818,aakaash,आकाश,आकाश
1819,bona,बोना,बोना
1820,clock,क्एलॉक,क्लाक
1821,daphan,दफन,द़फन
1822,pegav,पेगव,पेगव
1823,kahlaya,कहलाया,कहलाया
1824,madheekhedha,मधीखेडा,माड़ीखेड़ा
1825,teleebag,तेलीबाग,तेलीबाग
1826,dhaarak,धारक,धारक
1827,nikaalani,निकालनी,निकालनी
1828,kanghe,कांघे,कंघे
1829,prashnottari,प्रश्नोत्तरी,प्रश्नोत्तरी
1830,kakinada,काकीनाडा,काकीनाड़ा
1831,bhaagyoday,भाग्योदय,भाग्योदय
1832,singer,सिंगर,सिंगार
1833,machaye,मचाए,मचाए
1834,lekhakganon,लेखकगानों,लेखकगणों
1835,uchhalne,उछलने,उछालने
1836,dharmarajne,धर्माराजे,धर्मराजने
1837,ainjal,ऐंजल,ऐंजल
1838,bantata,बंटता,बंटता
1839,pharm,फार्म,फाॅर्म
1840,ravel,रेवेल,रवैल
1841,hanumangarh,हनुमानगढ़,हनुमानगढ़
1842,veeraangnaaon,वीरांगनाओं,वीरांगनाओं
1843,gaytri,गैत्री,गायत्री
1844,venkatraman,वेंकटरमण,वेंकटरमन
1845,dibnoo,डिबनू,डिबनू
1846,purooshottamachaary,पुरुषोत्तमारी,पुरूषोत्तमाचार्य
1847,sanyojakon,संयोजकों,संयोजकों
1848,jhaauganj,झाऊंगंज,झाउगंज
1849,sarkaren,सरकरें,सरकारें
1850,newtest,न्वूटस्ट,न्यूटेस्ट
1851,shrikar,श्रीकर,श्रीकर
1852,mitaao,मिताओ,मिटाओ
1853,diyotsiddh,द्योतिस्द्ध,दियोटसिद्ध
1854,bhoopsingh,भूपसिंह,भूपसिंह
1855,charchaaen,चर्चाएं,चर्चाएँ
1856,prasarakon,प्रसरकों,प्रसारकों
1857,nishpaap,निषपाप,निष्पाप
1858,flin,फ्लाइन,फ्लिन
1859,ranneetibanaa,रणनीतीबाना,रणनीतिबना
1860,eeaarjee,इयारीजी,ईआरजी
1861,dhaagaa,धागा,धागा
1862,gomukh,गोमुख,गौमुख
1863,jud,जुद,जूड
1864,khanikarmi,खनिकार्मी,खनिकर्म
1865,sharabh,शरभ,शरभ
1866,arellano,एरेलेनो,अरेलानो
1867,ukhadhakar,उखाधकर,उखड़कर
1868,lenevali,लेनेवाली,लेनेवाली
1869,kumar,कुमर,कुमार
1870,singhde,सिंघदे,सिंघाड़े
1871,toncil,टॉनसिल,टोंसिल
1872,davindarpal,दविंदरपाल,दविन्दरपाल
1873,singaar,सिंगार,सिंगार
1874,khisakate,खिसकते,खिसकते
1875,enid,एनआईडी,एनिड
1876,megapixal,मेगापिक्ल,मेगापिक्सल
1877,digvijay,डिगविजय,दिग्विजय
1878,fazalon,फज़लों,फजलों
1879,doge,डोगे,दोगे
1880,labelon,लेबेलों,लेबलों
1881,munafa,मुनाफा,मुनाफा
1882,badhane,बढ़ने,बड़ने
1883,very,वेरी,वैरी
1884,saatsera,सात्सेर,सातसेरा
1885,ortega,ओर्टेगा,ओर्टेगा
1886,rowe,रोव,रोवे
1887,bhatia,भतिया,भाटिया
1888,raajsthanwasiyon,राजस्थान्विकयों,राजस्थानवासियों
1889,baagbageechon,बागबीचोंं,बागबगीचों
1890,wilkinson,विलकिंसन,विल्किंसन
1891,daraati,दराती,डराती
1892,atke,अटके,अटके
1893,pramukhataapoorwak,प्रमुखतापूर्वक,प्रमुखतापूर्वक
1894,yatna,यातना,यत्न
1895,nitin,नितें,नितिन
1896,city,सिटी,सिटी
1897,radico,रेडिको,रेडिको
1898,dukanon,दुकानों,दुकानों
1899,jalsansadhan,जलसंसाधन,जलसंसाधन
1900,masyendranath,मस्येन्द्रनाथ,मत्स्येंद्रनाथ
1901,behar,बहर,बिहार
1902,barsheey,बर्शी,बर्षीय
1903,avru,अवरू,अवरु
1904,daw,डाव,दाव
1905,naqab,नक़ब,नक़ाब
1906,saregama,सरेगामा,सारेगामा
1907,hugli,हुगली,हुगली
1908,satti,सत्ती,सत्ती
1909,neg,नेग,नेग
1910,mahabaleshwar,महाबलेश्वर,महाबलेश्वर
1911,placentia,प्लेसेंटिया,प्लेसेंटिया
1912,varsaache,वरसाचे,वर्साचे
1913,kumau,कुमाऊ,कुमाऊ
1914,emi,एमआईए,एमी
1915,theatrs,थियटर्स,थियेटर्स
1916,erika,एरीका,एरिका
1917,khinchakar,खिंचाकर,खिंचकर
1918,raubadar,रौबादर,रौबदार
1919,alto,अल्टो,ऑल्टो
1920,kavyavidhaaon,काव्यविधाओं,काव्यविधाओं
1921,coon,कू,कून
1922,akron,अकरों,अक्रोन
1923,tahkhaana,तखहाना,तहखाना
1924,samajjanon,समाजजनों,समाजजनों
1925,machaaye,मचाये,मचाए
1926,suryadev,सुर्ददेव,सूर्यदेव
1927,prathamik,प्रथमिक,प्राथमिक
1928,pravritriyon,प्रवृत्रियों,प्रवृत्रियों
1929,taajaa,ताजा,ताजा
1930,jivanshaili,जीवनशैली,जीवनशैली
1931,raktdaataaon,रक्तदाताओं,रक्तदाताओं
1932,baleshwar,बालेश्वर,बालेश्वर
1933,bhautikwaadiyon,भौतिकवादियों,भौतिकवादियों
1934,lagaateen,लगातीं,लगातीं
1935,jhaiyaan,झइयां,झाइयां
1936,vanshvaad,वंशवाद,वंशवाद
1937,navanagar,नवनागर,नवानगर
1938,najarandaaz,नज़रनदाज़,नजरंदाज
1939,anshaankan,अंशांकन,अंशांकन
1940,funkane,फुंकने,फुंकने
1941,matpatron,मतपत्रों,मतपत्रों
1942,module,मोड्युल,मॉड्यूल
1943,farms,फ़्रम्स,फार्म्स
1944,pahunchogee,पहुंचोगी,पहुंचोगी
1945,maidi,मैदी,मैडी
1946,thief,थाईफ,थीफ
1947,pfaudler,प्फॉल्यर,फाउडलर
1948,amit,अमित,अमित
1949,poorvabhadrapad,पूर्वाध्रकापद,पूर्वाभाद्रपद
1950,landara,लैंडारा,लंगड़ा
1951,gonpo,गोंपो,गोंपो
1952,vesle,वेस्ले,वेस्ले
1953,shaao,शाओ,शाओ
1954,hamidan,हमीददन,हामिदन
1955,weeks,वीक्स,वीक्स
1956,mineral,मीनेराल,मिनरल
1957,centennial,सेंटेननी,सेंटेंनियल
1958,bastiyo,बस्तियो,बस्तियो
1959,bagbagichon,बगबबीगचों,बागबगीचों
1960,pranit,प्राणित,प्रनीत
1961,bhedabhaavon,भेदाभावों,भेदभावों
1962,karaahanaa,कराहना,कराहना
1963,greenville,ग्रीनविले,ग्रीनविल
1964,sherawat,शेरावत,सहरावत
1965,ralaud,रलौौड,रालोद
1966,jatakon,जतकों,जातकों
1967,rishte,रिश्ते,रिश्ते
1968,bentonville,बेंटोंविले,बेंटनविल
1969,najibabaad,नाजीबाबाद,नजीबाबाद
1970,financiers,फाइनांसरियस,फाइनेंसर्स
1971,phatahee,फटही,फटही
1972,kerala,केराला,केरला
1973,ladaaiyon,लड़ाइयों,लड़ाईयों
1974,harijan,हरिजान,हरिजन
1975,whitaker,व्हाटकर,वाईटेकर
1976,vidisha,विदीशा,विदिशा
1977,paul,पौल,पॉल
1978,aryon,आर्यों,आर्यों
1979,khilana,खिलाना,खिलाना
1980,chhutane,छुटने,छूटने
1981,dukhiyon,दुखियों,दुखियों
1982,poorneshwari,पूर्णेश्वरी,पूर्णेश्वरी
1983,visabal,विसबल,विसबल
1984,daramyanee,दरममयी,दरम्यानी
1985,yari,यारी,यारी
1986,vidhamaan,विधामन,विधमान
1987,yatraein,यत्राएं,यात्राएं
1988,sunteck,सन्टक,सनटेक
1989,gujarata,गुजराता,गुजारता
1990,niyanta,नियंता,नियंता
1991,dum,डम,डम
1992,awasthi,अवस्थि,अवस्थी
1993,plus,प्लस,पल्स
1994,bhen,भें,भें
1995,stops,स्टाप्स,स्टॉप्स
1996,dhakelte,धकेलते,धकेलते
1997,kpo,केपीओ,केपीओ
1998,damghontu,दमघोंटू,दमघोंटू
1999,insano,इंसानो,इंसानो
2000,merraige,मेरेटा,मैरेज
2001,asfalt,अस्फाल्ट,एस्फाल्ट
2002,laundry,लांडरी,लॉन्ड्री
2003,ratnaabhooshan,रत्नाभूषण,रत्नाभूषण
2004,ski,एसकीआई,स्की
2005,dushwaariyon,दुशवारियों,दुश्वारियों
2006,anupryogon,अनुप्रयोगों,अनुप्रयोगों
2007,deshseva,देशसेवा,देशसेवा
2008,lela,लेला,लेलऽ
2009,jagaragallu,जागरगुलु,जगारागल्लू
2010,mejbani,मेजबानी,मेजबानी
2011,dehri,डेहरी,डेहरी
2012,chkkar,चक्कर,चक्कर
2013,crawford,क्राचोर्ड,क्रोफोर्ड
2014,guduri,गुडुरी,गुदुरी
2015,dvc,डीवीसी,डीवीसी
2016,prakriyagat,प्रक्रियागत,प्रक्रियागत
2017,nag,नग,नग
2018,matsyavatar,मत्स्यावतार,मत्स्यावतार
2019,scootaron,स्कूटरों,स्कूटरों
2020,ardhavishvas,अर्ध्वविशास,अर्धविश्वास
2021,daramyaanee,दरममयी,दरम्यानी
2022,survanaa,सुरवाना,सुर्वणा
2023,sthitiyan,स्थितियां,स्थितियां
2024,dharmaanand,धर्मनांद,धर्मानंद
2025,sofner,सोफर,सॉफ़्नर
2026,squash,स्क्वाश,स्क्वैश
2027,vidhansabhaen,विधनशभाएं,विधानसभाएं
2028,randolph,रांडोल,रैंडोल्फ
2029,mezbaan,मेजबाँ,मेज़बान
2030,sprit,स्प्रिट,स्प्रिट
2031,sheelabhang,शीलांगं,शीलभंग
2032,kalmein,कालमें,कलमें
2033,swarnikaa,स्वर्णिका,स्वर्णिका
2034,mandi,मंदी,मंडी
2035,arthawyavasthataaon,अर्थव्यवस्थाटाओं,अर्थव्यवस्थताओं
2036,kundaliya,कुंडलीय,कुंडलियाँ
2037,nimkathana,निमकथाना,नीमकाथाना
2038,farm,फ़्मर,फाॅर्म
2039,hatyaaropit,हत्यारोपीत,हत्यारोपित
2040,putta,पुत्ता,पुट्टा
2041,faurensis,फ़राउंसिस,फारेंसिस
2042,purooshottamachary,पुरुरोष्टमतीर,पुरूषोत्तमाचार्य
2043,bonds,बॉन्डस,बॉंन्ड्स
2044,shikaayatkartaa,शिकायतकर्ता,शिकायतकर्ता
2045,cronfrencing,क्रोनफोर्सिंग,क्रान्फ्रेंसिंग
2046,ubal,उबल,उबाल
2047,baabaao,बाबाओ,बाबाओ
2048,halmatpura,हलमतपुरा,हलमतपुरा
2049,haqeeqat,हकीकक,हकीकत
2050,barman,बरमान,बर्मन
2051,vartmaan,वर्तमान,वर्तमान
2052,baantin,बांतीं,बांटीं
2053,achanbha,अचनभा,अचंभा
2054,jiwanparyant,जीवानपर्यंत,जीवनपर्यंत
2055,wadara,वादरा,वदरा
2056,sadaqen,सदाकें,सडक़ें
2057,aisa,एसीएसए,एेसा
2058,jyotishyshastron,ज्योतिशाश्स्त्रों,ज्योतिष्यशास्त्रों
2059,pythagoras,पायथागोरों,पाइथागोरस
2060,engelin,एंजलिन,एंजेलिन
2061,kapolkalpana,कपोलकल्पना,कपोलकल्पना
2062,dropadiyon,द्रोपड़ियों,द्रोपदियों
2063,rozlyn,राजलिन,रोजलिन
2064,sriram,श्रीराम,श्रीराम
2065,gopaalak,गोपालक,गोपालक
2066,bangbandhu,बंगबन्धु,बंगबंधु
2067,mistriyan,मिस्त्रियां,मिस्त्रियां
2068,usay,उसय,उसेे
2069,mercado,मेरकाडो,मर्काडो
2070,maisore,मैसोर,मैसोर
2071,offshor,ओफशॉर,ऑफशोर
2072,kapurthala,कपूरलाला,कपूरथला
2073,sahovaliya,सहोवलिया,साहोवालिया
2074,maladahiya,मदलाहिया,मलदहिया
2075,hymen,हाइमे,हाइमन
2076,indaurnagar,इं्दरनगर,इंदौरनगर
2077,visheshagyataon,विशेषाज्तााओं,विशेषज्ञताओं
2078,usaki,उसकी,उसकी
2079,caplin,कैप्लिन,कैपलिन
2080,mahapran,महाप्रण,महाप्राण
2081,rupesh,रूपेश,रुपेश
2082,reno,रेनो,रिनो
2083,sudeepton,सुदीपोटन,सुदीप्तों
2084,swamy,स्वामी,स्वामी
2085,amara,अमरा,अमारा
2086,vyavasthaamoolak,व्यवस्थामूलक,व्यवस्थामूलक
2087,sensing,सेंसिंग,सेंसिंग
2088,tyler,टाइलर,टाइलर
2089,sangareddi,संगरेड्डी,संगारेड्डी
2090,pehno,पहनो,पहनो
2091,mardani,मरदानी,मरदानी
2092,bamleshwaree,बामलेश्वीर,बम्लेश्वरी
2093,deewani,दीवानी,दिवानी
2094,fincorp,फिंकॉर्प,फिनकॉर्प
2095,navaa,नवा,नवा
2096,shimat,शिमत,शिमट
2097,sohawal,सोहावल,सोहावल
2098,banaam,बनाम,बनाम
2099,prawrutriyon,प्रवुतर्रियों,प्रवृत्रियों
2100,xiong,जायंंग,शियोंग
2101,varsted,वार्स्टड,वर्स्टेड
2102,raajon,राजों,राजों
2103,cheekhana,चीखना,चीखना
2104,naimul,नैइमुल,नैमुल
2105,badhotri,बधोत्री,बढ़ोतरी
2106,antony,एंटोनी,एंटोनी
2107,chhanyasa,छन्यासा,छांयसा
2108,nirdeshikaa,निर्देशिका,निर्देशिका
2109,niptaaraa,निपटराया,निपटारा
2110,judne,जुड़े,जुडने
2111,sujhati,सुझती,सुझाती
2112,pathalogist,पैथालोजिस्ट,पैथेलॉजिस्ट
2113,tide,टाइड,टाइड
2114,shrungar,श्रुंगर,शृंगार
2115,braandes,ब्रांडेस,ब्रान्डेस
2116,parmeshvarpur,पर्मेश्वरुपर,परमेश्वरपुर
2117,jedateeisaaft,जेडताइसिता,जेडटीईसाफ्ट
2118,uddhaatan,उद्धातन,उद्धाटन
2119,stan,स्टान,स्टैन
2120,aadivaadiyon,आदिवादियों,आदिवादियों
2121,julaahon,जुलाहों,जुलाहों
2122,maharaja,महरजा,महाराजा
2123,gatishilata,गतिशीलता,गतिशीलता
2124,shipra,शिप्र,शिप्रा
2125,tribunal,त्रिब्युनल,ट्रिब्युनल
2126,khyber,खेबर,ख़ैबर
2127,wanvibhag,वानवीभाग,वनविभाग
2128,ghataatop,घटाओत्प,घटाटोप
2129,dharmagranthon,धर्मग्रांोों,धर्मग्रंथों
2130,prawrittiyon,प्रवृत्तियों,प्रवृत्तीयों
2131,gaanth,गाँथ,गांठ
2132,mysore,माइसोर,मैसोर
2133,sehgal,सेगल,सहगल
2134,namkin,नमकिन,नमकीन
2135,vaidh,वैध,वैध्
2136,vanaspatiyaan,वनस्पतियां,वनस्पतियाँ
2137,jiangkou,जियांगकोउ,जियांगकोऊ
2138,pakhandi,पखंडी,पाखंडी
2139,protekts,प्रोटेक्ट्स,प्रोटेक्ट्स
2140,elbaino,एल्बाइनो,एल्बाइनो
2141,linden,लिंडेन,लिंडेन
2142,sohaval,सोहावल,सोहावल
2143,bhurbhura,भूरभूरा,भुरभुरा
2144,gastrology,गास्ट्रोलॉजी,गैस्ट्रोलॉजी
2145,widroop,विद्रूप,विद्रूप
2146,sajsajja,सजसजाजा,साजसज्जा
2147,raatrichar,रात्रीचर,रात्रिचर
2148,rojana,रोजाना,रोजना
2149,jalbhrav,जलभररव,जलभराव
2150,montgomery,मांटगोमेरी,मोंटगोमरी
2151,sev,सेव,सेव
2152,bhrastrachariyon,भ्रस्तार्च्रियों,भ्रष्ट्राचारियों
2153,dwn,डीवीएन,डीडब्ल्यूएन
2154,streshan,स्ट्रेशन,स्ट्रेशन
2155,ganthe,गाठठे,गांठे
2156,gehlot,गहलोट,गहलोत
2157,chhateni,छतेनी,छतेनी
2158,vishwasniiya,विश्वनीस्यी,विश्वसनीय
2159,jivaniyan,जीवनियां,जीवनियां
2160,dastaanen,दस्तानें,दस्तानें
2161,dhona,धोना,धोना
2162,kharuwaar,खरुवार,खरुवार
2163,suriname,सुरीनामे,सूरीनाम
2164,mangalsinh,मंगलसिंह,मंगलसिंह
2165,anyonyashritta,अन्योयनशृष्ट्य,अन्योन्याश्रितता
2166,ninties,नाइटीज,नाइनटीज
2167,paancholaas,पांचोलास,पांचोलास
2168,reson,रेसन,रेसों
2169,vaataanukooliton,वातनुकूतितों,वातानुकूलितों
2170,chatushkoniya,चतुकशोनिया,चतुष्कोणीय
2171,aamdi,आमदी,आमदी
2172,dushtaapurvak,दुष्टापूर्वक,दुष्टतापूर्वक
2173,bechate,बेचते,बेचते
2174,chuka,चुका,चौका
2175,mizoram,मिजोराम,मिज़ोरम
2176,torrance,टोरांस,टोरेंस
2177,anuchit,अनुचित,अनुचित
2178,avarodhak,अवरोधक,अवरोधक
2179,ross,रॉस,रॉस
2180,achyut,अच्युत,अच्युत
2181,oodhami,धूधमी,ऊधामी
2182,haraval,हरावल,हरावल
2183,gould,गॉल्ड,गोल्ड
2184,daaw,डाव,दाव
2185,srijanvigyanee,श्रीजनविज्ञाने,सृजनविज्ञानी
2186,nextgen,नेक्सटेज,नेक्स्टजेन
2187,rukavaton,रुकावतों,रूकावटों
2188,bhavanaon,भवनाओं,भावनाओं
2189,dehdhaari,देहधारी,देहधारी
2190,parikhaen,परिखाएं,परीक्षाएं
2191,utaney,यूटेन,उतने
2192,sanskrition,संस्कृतिओं,संस्कृतिओं
2193,prospex,प्रॉस्पेक्स,प्रॉस्पेक्स
2194,naeedilli,नीदिल्ली,नईदिल्ली
2195,saayn,साएँ,सायं
2196,geneva,गेनेवा,जिनीवा
2197,rasad,रसद,रसद
2198,baramula,बारामूला,बारामुला
2199,vandemataram,वंडेमतरम,वन्देमातरम्
2200,safari,सफारी,सफारी
2201,chamba,चम्बा,चम्बा
2202,sawal,सवल,सवाल
2203,bannari,बन्नरी,बन्नारी
2204,fatehpur,फतेहपुर,फ़तेहपुर
2205,pehnate,पहनाते,पहनता
2206,spray,स्प्रे,स्प्रे
2207,normal,नॉरमल,नॉर्मल
2208,allout,अलाउट,ऑलआउट
2209,manassas,मनसास,मनासस
2210,mantriyonke,मांत्रियोंके,मंत्रियोंके
2211,karyakaryakartaon,कार्यकर्याकर्ताओं,कार्यकार्यकर्ताओं
2212,phaadanhe,फाड़हें,फाडऩे
2213,greg,ग्रेग,ग्रेग
2214,baitool,बैटूल,बैतूल
2215,kushan,कुशान,कुषाण
2216,subbanee,सुब्बानी,सुब्बनी
2217,infibeam,इनफिबियम,इन्फिबीम
2218,khatakhataakar,खटाखातकर,खटखटाकर
2219,chachaji,चचाजी,चाचाजी
2220,chandrabali,चंद्राबली,चंद्रबली
2221,baripada,बरिपड़ा,बारिपदा
2222,roohelkhand,रूहेलखण्ड,रूहेलखंड
2223,ghairakaanoonee,घैराकानीन,ग़ैरकानूनी
2224,aarekhah,आरेखाह,आरेखः
2225,pramukhkarmiyon,प्रमुखकारमियों,प्रमुखकर्मियों
2226,lee,ली,ली
2227,thiyeters,थायटेर्स,थियेटर्स
2228,assam,असाम,असम
2229,faanon,फ़ाओं,फानों
2230,jyada,ज्यादा,ज़्यादा
2231,theateron,थीटेरों,थियेटरों
2232,safaikarmi,सफाईकर्मी,सफाईकर्मी
2233,bieseses,बाइससेज,बीएसएसएस
2234,cronfrensing,क्रोनफ्रेंिंग,क्रान्फ्रेंसिंग
2235,jeevraaj,जीवराज,जीवराज
2236,thirake,थिरके,थिरके
2237,shaksubahey,शक्सुबायेह,शकसुबहे
2238,paratrooper,पाराट्रूप,पैराट्रूपर
2239,dabhara,डभरा,डभरा
2240,usi,यूएसआई,उसी
2241,nihsandeh,निहसंदेह,निःसंदेह
2242,mahanatam,महानतम,महानतम
2243,banthia,बांठिया,बांठिया
2244,anam,अनाम,अनम
2245,kashmir,कश्मीर,कश्मीर
2246,baavadee,बावड़ी,बावडी
2247,bhutto,भुट्टो,भुट्टो
2248,maarake,मारके,मारके
2249,kaaryayojna,कार्ययोजना,कार्ययोजना
2250,francisko,फ्रांस्किको,फ्रांसिस्को
2251,adani,अडनी,अदाणी
2252,dhuriyaa,धुरिया,धुरिया
2253,mhavidya,महाविद्य,महाविद्या
2254,megapixel,मेगापिस्लेक,मेगापिक्सल
2255,cryptocurrencyon,क्रिप्टोक्रानोर्डीन,क्रिप्टोकरेंसियों
2256,muth,मुथ,मूठ
2257,authoritee,अथॉराइटी,ऑथोरिटी
2258,aparivartanshil,अपरिवर्तिंशील,अपरिवर्तनशील
2259,pradhanmantriki,प्रधानमंत्रिची,प्रधानमंत्रीकी
2260,aagaashe,आगाशे,आगाशे
2261,navjaagaran,नवजागरन,नवजागरण
2262,attraa,अत्त्रा,अट्टरा
2263,ubala,उबाला,उबाला
2264,amanati,अमनती,अमानती
2265,khammam,खम्माम,खम्मम
2266,haaranaa,हारना,हारना
2267,bhavabhivyaktiyon,भवाभिव्यक्तियों,भावाभिव्यक्तियों
2268,pushkar,पुष्कर,पुष्कर
2269,shaantiyon,शांतियों,शांतियों
2270,nerolac,नेरोलाक,नेरोलेक
2271,chauka,चौका,चौका
2272,siddhalingaa,सिद्धालिंगा,सिद्दालिंगा
2273,bharatnatyam,भरतननतम,भरतनाट्यम्
2274,javabah,जवबाह,जवाबः
2275,dushwariyon,दुशवारियों,दुश्वारियों
2276,manchiy,माच्यी,मंचीय
2277,jiyo,जियो,जीयो
2278,sapramaan,सप्रमान,सप्रमाण
2279,sim,सिम,सीम
2280,peeechdablyooseees,पीचडबीयूलीज,पीएचडब्ल्यूसीएस
2281,bahav,बहव,बहाव
2282,tik,टिक,टिक
2283,agavai,अगावी,अगवाई
2284,higman,हिग्मन,हाइमन
2285,qiwi,किवी,क्यूआईडब्ल्यूआई
2286,agyat,अज्ञात,अज्ञात
2287,agende,अजेंडे,एजेंडे
2288,lynchburg,लिंकबर्ग,लिंचबर्ग
2289,maangeena,माँगीना,मांगीना
2290,khatakhataaegee,खटखताएगी,खटखटाएगी
2291,jodhikaa,जोधिका,जोधिका
2292,srujanvigyaani,स्रूजनविज्ञानी,सृजनविज्ञानी
2293,detasan,डिटासन,डेटसन
2294,badalwa,बदलवा,बदलवा
2295,urf,यूआरएफ,उर्फ
2296,chhaapemaar,छामेपार,छापेमार
2297,lux,लक्स,लक्स
2298,bhopal,भोपल,भोपाल
2299,phalibhoot,फलिभूत,फलीभूत
2300,paithelaujist,पैथेलाजिट्स,पैथेलॉजिस्ट
2301,paryaptta,पर्याप्तता,पर्याप्तता
2302,furti,फर्टी,फूर्ति
2303,mrutyuniwaarak,मृतुयुन्कारक,मृत्युनिवारक
2304,maruti,मरुटी,मारुति
2305,uthaakar,उठाकर,उठाकर
2306,alo,अलो,एएलओ
2307,pegaw,पेगाव,पेगव
2308,pilibhit,पिलिभित,पीलीभीत
2309,somi,सोमी,सोमी
2310,sanchalnon,संचलनों,संचालनों
2311,kanchipuram,कांचीपुरम,कांचीपुरम
2312,daraatee,दराती,डराती
2313,yaddasht,यद्धस्त,याद्दाश्त
2314,sabudana,सबुदाना,साबुदाना
2315,welding,वेल्डिंग,वेल्डिंग
2316,veronica,वेरोनिका,वेरोनिका
2317,stimberwala,स्टिंबबरवाला,स्टिम्बेरवाला
2318,mayajaal,मायजाल,मायाजाल
2319,pes,पेस,पेस
2320,atul,अटुल,अतुल
2321,outomaitically,ऑटोमैटेशली,औटोमैटिकली
2322,jaanchana,जांचना,जांचना
2323,mithilanchal,मिथिलांचल,मिथिलांचल
2324,phiksingah,फिकसिंहह,फिक्सिंगः
2325,sajetee,सजेती,सजेती
2326,plano,प्लानो,प्लानो
2327,visangatiyaa,विसंगतिया,विसंगतिया
2328,khhomche,खोमचे,खोमचे
2329,lagna,लग्ना,लगना
2330,mukeshwari,मुकेश्वरी,मुकेश्वरी
2331,tasvaaron,तसवारों,तस्वारों
2332,dev,डेव,देव
2333,vesh,वेश,वेश
2334,jyothy,ज्योत्य,ज्योथी
2335,landal,लंडल,लेंडल
2336,viraangnaaon,विरंगनगाओं,वीरांगनाओं
2337,yanit,यानित,यनित
2338,purnia,पुरनिया,पूर्णिया
2339,chauk,चौक,चौक
2340,ladeen,लादीं,लड़ीं
2341,chest,चेस्ट,चेस्ट
2342,kasega,कसेगा,कसेगा
2343,abut,अबुत,एबट
2344,renuka,रेनुका,रेनुका
2345,loowe,लूवे,लूवे
2346,gulaabaag,गुलाबाग,गुलाबाग
2347,lajjalu,लज्जलू,लज्जालु
2348,sabhaar,सभार,साभार
2349,gairarashtravaadee,गैरार्थशारीदाव,गैरराष्ट्रवादी
2350,dhaavakon,धावकों,धावकों
2351,lim,लिम,लिम
2352,vidhaaein,विधाएं,विद्याएं
2353,svayamsveekrat,स्वयंस्वीकृत,स्वयंस्वीकृत
2354,electrotex,इलेक्ट्रोक्ट्स,इलेक्ट्रोटेक्स
2355,ramraj,रामराज,रामराज
2356,janbhavna,जाभभाना,जनभावना
2357,yauniktaa,यौनिकता,यौनिकता
2358,haathe,हाथे,हाथे
2359,dune,डुन,दूने
2360,protects,प्रॉटेक्स्,प्रोटेक्ट्स
2361,vareinye,वरेयने,वरेण्य
2362,mazboori,मजबूरी,मज़बूरी
2363,praveenchand,प्रवींचंद,प्रवीनचंद
2364,vaigyanik,वैज्ञानिक,वैज्ञानिक
2365,torrent,टॉरेंट,टोरेंट
2366,aatmayen,आत्मयें,आत्माएं
2367,samprati,सम्प्रति,संप्रति
2368,matthe,मत्ठे,मत्थे
2369,savita,साविता,सविता
2370,atlantic,एटलांटिक,अटलांटिक
2371,jalgti,जलगती,जलगति
2372,chacchaa,चच्सा,चच्चा
2373,afreen,अफरीन,आफरीन
2374,bazaru,बज़रू,बाजारू
2375,chauki,चौकी,चौकी
2376,pharse,फार्स,फरसे
2377,tuning,टुनिंग,ट्यूनिंग
2378,nodaraanee,नोदरानी,नोडरानी
2379,maum,मुम,मौम
2380,vidhaanee,विधानी,विधाणी
2381,gujar,गुजर,गुजार
2382,pakadkar,पकड़कर,पकडकर
2383,aankhen,आंखें,ऑंखें
2384,aapka,आपका,आपका
2385,warner,वार्नर,वार्नर
2386,anvaharya,अनवाहर्या,अन्वाहार्य
2387,likhehain,लिखेहैं,लिखेहैं
2388,paathyakram,पाठयक्रम,पाठ्यक्रम
2389,shavkon,शवकों,शावकों
2390,yarooshaleim,यरुशोलीम,यरूशलेम
2391,mandalaayukto,मंडलायुक्तो,मण्डलायुक्तो
2392,naino,नैनो,नैनो
2393,jhaaiyaan,झाइयां,झाइयां
2394,simferopol,सिंफफोरोल,सिम्फरपोल
2395,dhamm,धम्म,धम्म
2396,nikharegaa,निखारेगा,निखरेगा
2397,ghumaan,घुमाँ,घुमाण
2398,hounga,होंगा,होऊंगा
2399,dhakal,ढकल,ढकाल
2400,sagarika,सागरिका,सागरिका
2401,bernard,बर्नार्ड,बर्नार्ड
2402,yogabal,योगाबल,योगबल
2403,breweries,ब्रीवरीज,ब्रेवरीज
2404,dish,दीश,डिश
2405,aithan,एथेन,ऐठन
2406,vartamaan,वर्तमान,वर्तमान
2407,tremasik,त्रेमासिक,त्रैमासिक
2408,tasvire,तसवीरे,तस्वीरे
2409,vyvhargat,व्यवहारगत,व्यवहारगत
2410,maratha,मराथा,मराठा
2411,banvaa,बनवा,बनवा
2412,svarnika,स्वर्णिका,स्वर्णिका
2413,prasath,प्रसथ,प्रसाथ
2414,overall,ओवरलॉल,ओवरऑल
2415,purwafalguni,पूर्वाफलगुनी,पूर्वाफाल्गुनी
2416,properphasebook,प्रोपेर्फासूक,प्रॉपरफेसबुक
2417,suven,सुवेन,सुवेन
2418,sapate,सपते,सपाटे
2419,jh,झ्ह,झ
2420,karghe,कारघे,करघे
2421,deshkaal,देशकाल,देशकाल
2422,nathdwara,नाथवडारा,नाथवाड़ा
2423,thanvi,तानवी,थानवी
2424,oran,ओरान,ओरण
2425,serrano,सेरानो,सेरानो
2426,ear,ईईआर,इअर
2427,submission,सबमिशन,सबमिशन
2428,dharak,धारक,धारक
2429,tadad,तदाद,तदाद
2430,greenwood,ग्रीनवुड,ग्रीनवुड
2431,haute,हौटे,हाउते
2432,behuria,बेहुरिया,बहुरिया
2433,niyantaaon,नियंताओं,नियंताओं
2434,churu,चुरू,चूरू
2435,missouri,मिस्ौरी,मिसौरी
2436,anyaya,अन्याया,अन्याय
2437,generat,जेनेटर,जेनरेट
2438,nyutest,न्यूटेस्ट,न्यूटेस्ट
2439,garud,गारुड,गरुड़
2440,swaastikakaar,स्वास्तिकारक,स्वास्तिकाकार
2441,shaie,शाइ,शैइ
2442,siddhantavaadiyon,सिद्धानतावादियों,सिद्धांतवादियों
2443,anawashyak,अनवश्यक,अनावश्यक
2444,seaten,सीटेन,सीटें
2445,gulshan,गुलशान,गुलशन
2446,riya,रिया,रिया
2447,firmian,फिरमियान,फर्मिऑन
2448,tyre,टायर,टायर
2449,chi,ची,ची
2450,badlapur,बडलपुर,बदलापुर
2451,yuddhanaukaa,युद्धनाका,युद्धनौका
2452,nbcc,एनबीसीसी,एनबीसीसी
2453,shreeganganagarvaasiyon,श्रीगंगानगर्वनियं,श्रीगंगानगरवासियों
2454,udaa,उड़,उदा
2455,cambridge,कैम्ब्रिज,कैंब्रिज
2456,airway,एयरवे,एयरवे
2457,idol,आईडीओएल,आइडल
2458,calumet,कैल्युमेट,कैल्यूमेट
2459,aajmaanaa,आजमाना,आजमाना
2460,tantrikao,तंत्रिकाओ,तंत्रिकाओं
2461,jonesboro,जोनेसब्रो,जोन्सबोरो
2462,buddhijeewon,बुद्दीजीवों,बुद्धिजीवों
2463,klozup,क्लोजप,क्लोज़अप
2464,nmdc,एनएमडीसी,एनएमडीसी
2465,raashtrapit,राष्ट्रपित,राष्ट्रपित
2466,kamarhati,कमरहटी,कमारहाटी
2467,asphault,असफाल्ट,एस्फाल्ट
2468,fransisko,फ्रांसिक्को,फ्रांसिस्को
2469,bhalla,भल्ला,भल्ला
2470,maulvidon,मौलवीडों,मौलवियों
2471,narwar,नरवार,नरवर
2472,lahlahati,लहहलाती,लहलहाती
2473,byaawa,ब्यावा,ब्यावर
2474,ghataaegi,घटाएगी,घटाएगी
2475,naamajadagee,नामजदगी,नामजदगी
2476,takah,तकाह,तकः
2477,sevagram,सेवाग्राम,सेवाग्राम
2478,laamiyan,लामियाँ,लामियां
2479,gin,जीईएन,जिन
2480,swechha,स्वेछ्छ,स्वेच्छा
2481,antadiyaan,अंततादियां,अंतडियां
2482,arya,अर्या,आर्यो
2483,polishing,पोलीशिंग,पॉलिशिंग
2484,jokhimabharaa,जोखिमाभरा,जोखिमभरा
2485,umadatee,उमदती,उमड़ती
2486,tantra,तंत््र,तंत्र
2487,samoa,समोआ,सामोआ
2488,csi,सीएसआई,सीएसआई
2489,mandya,मंड्या,मांड्या
2490,lawrie,लॉवरी,लॉरी
2491,pahante,पहंते,पहनते
2492,ankor,अंकोर,अंकोर
2493,nimnavat,निम्नावत,निम्नवत्
2494,rapping,रप्पिंग,रैपिंग
2495,roopesh,रूपश,रुपेश
2496,pratibaddhata,प्रतिबद्धता,प्रतिबद्धाता
2497,nadep,नेड्प,नाडेप
2498,sailaaneepan,सैलापीनूं,सैलानीपन
2499,menrajya,मेन्राजया,मेंराज्य
2500,daav,दाव,दाव
2501,aaboorod,आबूरोड,आबूरोड
2502,pathyakramon,पथ्यकक्रमों,पाठ्यक्रमों
2503,nividaataaon,निविदाताओं,निविदाताओं
2504,gandhipura,गांधीपुरा,गांधीपुरा
2505,phwcs,पीएचएसएस,पीएचडब्ल्यूसीएस
2506,narayangadh,नारायणगढ़,नारायणगढ़
2507,jaylalita,जयलीलता,जयललिता
2508,susanskrut,सुसंक्कुर्त,सुसंस्कृत
2509,masood,मसूद,मसूद
2510,woonsocket,वूनसोकेट,वुनसोकेट
2511,sanskrutiyan,संस्कुरतियां,संस्कृतियां
2512,urff,यूआरएफएफ,उर्फ
2513,theratipally,थेराटीपल्ली,थेराटीपल्ली
2514,pratinirdesh,प्रतिनिर्देश,प्रतिनिर्देश
2515,ulhaaspur,उल्हासपुर,उल्हासपुर
2516,pahanate,पहनते,पहनते
2517,dhawakon,धवाकों,धावकों
2518,bhagedh,भगेध,भगेड़
2519,pransangali,प्रांसंगली,प्राणसंगली
2520,jalvayu,जलवायु,जलवायु
2521,bhijvaai,भिजवाई,भिजवाई
2522,sayra,सारा,सायरा
2523,krendron,क्रेन्द्रों,क्रेन्द्रों
2524,maujud,मौजूद,मौजुद
2525,siddhaant,सिद्धान्त,सिद्घांत
2526,kamyuniketars,काम्युनिकेतर,कम्युनिकेटर्स
2527,chidchidapan,चिडचिदापन,चिड़चिड़ापन
2528,muthoot,मुथूत,मुथूट
2529,wiwekadhikaron,विवेकाधिकारों,विवेकाधिकारों
2530,maloun,मलूँ,मलौन
2531,cincinnati,सिनसिनेटी,सिनसिनाटी
2532,registan,रेगिस्तान,रेगिस्तान
2533,parosne,परोसने,परोसने
2534,vichaarakon,विचारकों,विचारकों
2535,janbhawna,जनभानवा,जनभावना
2536,andaman,अंडमन,अंडमान
2537,badyal,बद्याल,बडयाल
2538,morepen,मोरेपें,मोरपेन
2539,beard,बर्ड,बियर्ड
2540,nodarani,नोदरानी,नोडरानी
2541,dikhayee,दिखायी,दिखायेे
2542,chink,चिंक,छींक
2543,wyakhyatmakta,व्याख्यात्मकता,व्याख्यात्मकता
2544,shaishav,शैशव,शैशव
2545,aainthoo,ऐंठू,आइंथू
2546,ahemdabadah,अहेमदाबाद,अहमदाबादः
2547,jaayke,जायके,जायके
2548,cigniti,सिग्निटी,सिग्निटी
2549,kurukshetra,कुरुक्षेत्र,कुरुक्षेत्र
2550,pravritteeyon,प्रवृत्तियों,प्रवृत्तीयों
2551,charcha,चरचा,चर्चा
2552,lakshmeechandra,लक्ष्मीचन्द्र,लक्ष्मीचन्द्र
2553,hammond,हममोंद,हैमंड
2554,nibhaegi,निभागी,निभाएगी
2555,dhunai,धुनई,धुनाई
2556,janbhaavna,जनभावना,जनभावना
2557,cant,केएटी,कांट
2558,melaghaat,मेलघात,मेलघाट
2559,mue,म्यू,मुऐ
2560,shwing,श्विंग,श्विंग
2561,dampatya,दमपट्य,दांपत्य
2562,kpada,कपाडा,कपड़ा
2563,santati,संतती,संतति
2564,maanavtarhit,मानवतात्रित,मानवटरहित
2565,anuprayogi,अनुप्रयोगी,अनुप्रयोगों
2566,harvey,हर्वे,हार्वे
2567,kaju,काजु,काजू
2568,cerritos,सेरिटोस,सेररितोस
2569,texmaco,टेक्स्मोको,टेक्समैको
2570,sanchar,संचार,संचार
2571,tuth,तुथ,ट्रुथ
2572,lozano,लोज़नो,लोज़ानों
2573,ropaney,रोपेन,रोपने
2574,hollywood,हॉलीवुड,हॉलीवुड
2575,chhinke,छिंके,छींके
2576,dhamma,धाम्मा,धम्मा
2577,technoplast,टेक्नोप्लास्ट,टेक्नोप्लास्ट
2578,pujapath,पूजापथ,पूजापाठ
2579,chanan,चनान,चानन
2580,shrankhalaaon,श्रनखालाओं,श्रंखलाओं
2581,chhednaa,छेड़ना,छेड़ना
2582,carbogen,कार्बोजेन,कार्बोजेन
2583,vyavadhan,व्यवधन,व्यवधान
2584,schultz,श्लत्त,शुल्ट्ज
2585,istrailiyon,इस्ट्राइलियों,इस्त्राइलियों
2586,squash,स्क्वश,स्क्वाश
2587,danville,डानविले,डैनविल
2588,prana,प्राना,प्राना
2589,thaakurvaadee,ठाकुरवादी,ठाकुरवादी
2590,prayogshaastra,प्रयोगशास्त्र,प्रयोगशास्त्र
2591,wyakteeyon,व्यक्तियों,व्यक्तीयों
2592,metrologist,मेट्रोलॉजिस्ट,मैट्रोलॉजिस्ट
2593,madhura,मधुरा,मढ़ौरा
2594,paliyon,पलियों,पालियों
2595,denver,डेनवर,डेनवर
2596,apj,एपीजे,एपीजे
2597,beni,बेनी,बैनी
2598,pratisthaan,प्रतिस्थान,प्रतिस्थान
2599,bhrashtaachaariyon,भ्रष्टाचारियों,भ्रष्टाचारीयों
2600,lakeer,लकीर,लकीर
2601,sudhaargrah,सुधारगृह,सुधारगृह
2602,sandali,संडाली,संदली
2603,jagriti,जगरीती,जागृति
2604,talwar,तलवार,तलवार
2605,janashiksha,जनशशिक्षा,जनशिक्षा
2606,tapuwo,तपुवोग,टापुओं
2607,bulletin,बुलेटिन,बुलेटिन
2608,ballebaajee,बल्लेबाजी,बल्लेबाज़ी
2609,maadheekhedhaa,माधीशेधा,माड़ीखेड़ा
2610,arthshaastriyon,अर्थशास्त्रियों,अर्थशास्त्रीयों
2611,scaining,स्केनिंग,स्कैनिंग
2612,mehman,मेहमान,मेहमान
2613,rahegi,रहेगी,रहेगी
2614,jamshedpur,जश्मेदुपर,जमशेदपुर
2615,tyauharon,त्याहुरों,त्यौहारों
2616,darshaana,दर्शाना,दर्शाना
2617,beechbachaav,बीचबाचव,बीचबचाव
2618,sulati,सुलती,सुलाती
2619,varshan,वर्षण,वर्शन
2620,sudhaaratee,सुधारती,सुधारती
2621,wasaamukt,वासामुक्त,वसामुक्त
2622,patil,पतिल,पाटिल
2623,jewaab,जेवाब,जेवाब
2624,soto,सोतो,सोटो
2625,dhtuen,ध्तुएन,धातुएं
2626,dose,डोसे,डोसे
2627,bhaagadaud,भागड़ौद,भागदौड
2628,pagabadha,पगबबाढ़ा,पगबाधा
2629,arushi,अरुशी,आरुषि
2630,agusta,अगस्ता,अगस्ता
2631,titan,टिटान,टाइटन
2632,equities,इक्विएटीज,इक्विटीज
2633,airtel,एयरटेल,एयरटेल
2634,alaps,अलैप्स,ऐल्प्स
2635,naksali,नकसाली,नक्सली
2636,achivement,अचिवमेंट,अचीवमेंट
2637,galaega,गलाएगा,गलाएगा
2638,foodon,फूड़ों,फूडॉन
2639,rajnichi,राजनीची,राजनीचि
2640,arya,आर्या,आर्य
2641,streamwood,स्ट्रामवुड,स्ट्रीमवुड
2642,ghot,घोट,घोट
2643,music,म्यूसिक,म्यूजिक
2644,purkayastha,पुर्कायस्था,पुरकायस्थ
2645,nora,नोरा,नोरा
2646,tonic,टोनिक,टॉनिक
2647,gujaarne,गुजारने,गुजारने
2648,water,वाटर,वाटर
2649,sunsaan,सुनसां,सूनसान
2650,sirsa,सिरसा,सिरसा
2651,tangirala,टंगीराला,टेंगीरला
2652,hanson,हंसों,हेनसन
2653,varun,वरुण,वरुण
2654,dreijer,द्रेज़र,ड्रेजर
2655,doudaate,दूड़ते,दौड़ाते
2656,sharabon,शराबों,शराबों
2657,vyakteeyon,व्यक्तियों,व्यक्तीयों
2658,saatseraa,सात्सेर,सातसेरा
2659,darjano,दर्जनो,दर्जनों
2660,agniyaan,अग्नियां,अग्नियां
2661,dhonaa,धोना,धोना
2662,karyakartriyon,कार्यकार्तिर्यों,कार्यकर्त्रियों
2663,awasthaen,अवस्थाएं,अवस्थाएं
2664,himamaanav,हिमामाव,हिममानव
2665,two,टीवेओ,टु
2666,ail,एआईएल,ऐल
2667,bandhuon,बंधुओं,बंधुओं
2668,shraddhavanon,श्रद्धावनों,श्रद्धावानों
2669,mariyo,मरियो,मारियो
2670,vyaghat,व्यघाट,व्याघात
2671,michael,मिचेल,माईकल
2672,adrgh,अद्र्घ,अद्र्घ
2673,vitthal,विठ्ठल,विट्ठल
2674,prarup,प्रारूप,प्रारूप
2675,dhoondhti,ढूँढती,ढूंढती
2676,dubana,डुबाना,डुबाना
2677,ladne,लादने,लडने
2678,form,फोर्म,फार्म
2679,zuari,ज़ुआरी,जुवारी
2680,pariwarwale,परिवारवाले,परिवारवाले
2681,peranormal,पेरानारोमल,पैरानॉर्मल
2682,bhuvneshvaprasad,भुवनेश्वप्रसाद,भुवनेश्वप्रसाद
2683,iris,आईआरआईएस,आईरिस
2684,pratigyapoorn,प्रतिज्ञापूर्ण,प्रतिज्ञापूर्ण
2685,lebalon,लेबलों,लेबलों
2686,shreekrushnan,श्रीकृष्णन,श्रीकृष्णन
2687,snikarse,स्नाइकर्स,स्नीकर्स
2688,kain,कैन,कईं
2689,bhooswaami,भूसवामी,भूस्वामी
2690,karta,करता,कटरा
2691,anyay,अन्याय,अन्याय
2692,nokari,नोकरी,नोकरी
2693,precision,प्रीसिजन,प्रिसिशन
2694,chrom,क्रोम,क्रोम
2695,jue,जुए,जुए
2696,bowling,बोउलिंग,बोलिंग
2697,taapti,ताप्ती,ताप्ती
2698,catholicon,कैथोलिकॉन,कैथोलिकों
2699,nazarandaz,नज़ारनदाज़,नजरंदाज
2700,mulchand,मुलचंद,मूलचंद
2701,sweccha,स्वेक्चा,स्वेच्छा
2702,nanyaulaa,नन्यौला,नन्यौला
2703,ghontana,घोंटना,घोंटना
2704,advaitwad,अदिवत्वद,अद्वैतवाद
2705,underwood,अंडरवुड,अंडरवुड
2706,lubhaavna,लुभावना,लुभावना
2707,petroselee,पेट्रोसेली,पेट्रोसेली
2708,amdi,अमडी,आमदी
2709,ropane,रोपान,रोपने
2710,daisy,डेसी,डेजी
2711,jababee,जबाबी,जबाबी
2712,cup,सीयूपी,कप
2713,phaade,फाड़े,फाड़े
2714,ulahna,उलहाना,उलाहना
2715,unnatiyon,उन्नतियों,उन्नतियों
2716,molina,मोलिना,मोलिना
2717,gaandchubhonachoosnachhote,गांचुचोन्माचाोतोंटे,गांडचुभोनाचूसनाछोटे
2718,han,हन,हां
2719,pradarshan,प्रदर्शन,प्रर्दशन
2720,sarjuga,सरजुगा,सरगुजा
2721,bidar,बिदर,बीदर
2722,amargad,अमरगगड़,अमरगढ़
2723,juye,जुये,जुए
2724,tonk,टोंक,टोंक
2725,devaapur,देवापुर,देवापुर
2726,intelligence,इंटीलेजलेंस,इंटेलीजेंस
2727,neetiyon,नीतियों,नीतियों
2728,khanaudaa,खनौड़ा,खनौदा
2729,porbandar,पोरबंदर,पोरबंदर
2730,sim,सीम,सिम
2731,lagnesh,लग्नेश,लग्नेश
2732,gaayikao,गायिकाओ,गायिकाओ
2733,prishthabhoomiyon,पृष्ठभूमियों,पृष्ठभूमियों
2734,moolchand,मूलचन्द,मूलचंद
2735,silchar,सिलचर,सिल्चर
2736,margarita,मार्गरिता,मार्गरिटा
2737,udakishuganj,उदकीशुगंज,उदाकिशुनगंज
2738,sirtee,सिर्टी,सिरती
2739,yamala,यमाला,यमला
2740,prashikshu,प्रशिक्षु,प्रशिक्षु
2741,sierra,सिरिया,सिएरा
2742,aalhaa,अल्हा,आल्हा
2743,peck,पेक,पेक
2744,taskhir,तस्खिर,तसखीर
2745,daka,डाका,डाका
2746,nominate,नोमिनेट,नॉमिनेट
2747,sapat,सपत,सपाट
2748,coimbatore,कोबिमेटर,कोयम्बटूर
2749,koraput,कोरापूट,कोरापुट
2750,svayattshasan,स्वायत्तशासन,स्वायत्तशासन
2751,vidyutikrit,विद्युतिकृत,विद्युतीकृत
2752,kikiyaanaa,किकियाना,किकियाना
2753,arunaai,अरुनाई,अरुणाई
2754,rigal,रीगल,रीगल
2755,diamond,डायमंड,डायमंड
2756,mridubhaashee,मृदुभाषी,मृदुभाषी
2757,walters,वाल्टर्स,वाल्टर्स
2758,sutrapada,सुत्रपाड़ा,सूत्रपाडा
2759,keeti,कीती,कीति
2760,zilaadhikaari,ज़िलाधिकारी,ज़िलाधिकारी
2761,mangesh,मांगेश,मंगेश
2762,pension,पेंशियन,पेंषन
2763,laganewale,लगानेवाले,लगनेवाले
2764,jilavasiyon,जिलावासियों,जिलावासियों
2765,ploskee,प्लॉस्की,प्लोस्की
2766,eksath,एकसाथ,एकसाथ
2767,sekhar,सेखर,सेखर
2768,dow,डू,डीओडब्ल्यू
2769,ardhawishwaas,अर्ध्ववैश,अर्धविश्वास
2770,rajasthan,राजस्थान,राजस्थान
2771,vikaskhand,विकासखण्ड,विकासखण्ड
2772,samshayon,समशायों,संशयों
2773,badhanaa,बढ़ाना,बढना
2774,classon,क्लासन,क्लासों
2775,ikhrul,इखरुल,उखरुल
2776,furaame,फ़रूमे,फुरामे
2777,ebaz,एबाज,एबज
2778,baataaya,बताया,बाताया
2779,jushantan,जुशानंत,जुशान्तान
2780,strong,स्ट्रॉंग,स्ट्रॉन्ग
2781,rajnitikaron,राजनीतीकरों,राजनीतिकारों
2782,panipat,पनिपत,पानीपत
2783,blankaard,ब्लैंकार्ड,ब्लांकार्ड
2784,jhabua,झबुआ,झाबुआ
2785,jacinto,जैसिनटो,जकिंटो
2786,barahsinga,बारहसिंगा,बारहसिंगा
2787,suchnah,सूचनाह,सूचनाः
2788,electromagic,इलेक्ट्रामाजिक,इलेक्ट्रोमैजिक
2789,lalmani,लालमानी,लालमणी
2790,bhaaulaal,भाऊलाल,भाऊलाल
2791,kathua,कठुआ,कठुआ
2792,palaari,पलारी,पलारी
2793,amitao,अमिताओ,अमिताव
2794,tadanrustee,तदन्रस्ती,तदंरुस्ती
2795,vaabastaa,वाबस्ता,वाबस्ता
2796,vlad,व्लाड,व्लाद
2797,slash,स्लाश,स्लैश
2798,waterbury,वाटरबरी,वाटरबरी
2799,selfie,सेल्फी,सेल्फी
2800,luis,लुइस,लुईस
2801,panchasootra,पंचसूत्र,पंचसूत्र
2802,aryama,अर्यमा,अर्यमा
2803,vaadak,वादक,वादक
2804,junction,जनक्शन,जंक्शन
2805,generic,जेनेरिक,जेनरिक
2806,jiya,जिया,जिया
2807,aden,एडेन,एडेन
2808,sophner,सॉफर,सॉफ़्नर
2809,qwvga,क्वविगा,क्यूडब्ल्यूवीजीए
2810,dhvanimikon,ध्वनििमिकों,ध्वनिमिकों
2811,feeds,फ़ीड्स,फीड्स
2812,sukadiyaal,सुकड़ियाल,सुकडि़याल
2813,angadh,अंगध,अनगढ़
2814,bavji,बावजी,बावजी
2815,chhodiye,छोड़ीए,छोडिये
2816,cipla,सीआईपीएलए,सिप्ला
2817,vigyanon,विज्ञानों,विज्ञानों
2818,dhasmaanaa,धस्माना,धस्माना
2819,longewal,लोंगेवाल,लोंगोवाल
2820,badam,बदम,बदाम
2821,atraikt,एट्रेक्ट,अट्रैक्ट
2822,saraaha,सराहा,सराहा
2823,nrityashaili,नृत्यशैली,नृत्यशैली
2824,sanvari,संवरी,संवरी
2825,yakshadhipati,यक्षाधिपति,यक्षाधिपति
2826,arabpatiyon,अरबपतियों,अरबपतियों
2827,mukaddamon,मुकद्दमों,मुकद्दमों
2828,phode,फोड़े,फोड़े
2829,sihunta,सिहुंता,सिहुंता
2830,jeewan,जीवां,जीवन
2831,dhoondhata,ढूंढता,ढूंढता
2832,cruces,स्यूसीईएस,क्रुसेस
2833,kaaryakartriyon,कार्यकार्तिरियों,कार्यकर्त्रियों
2834,pratibaddhtaaen,प्रतिबद्धताएं,प्रतिबद्धताएं
2835,dlw,डीएलवी,डीएलडब्ल्यू
2836,plan,प्लान,प्लेन
2837,pailot,पालोट,पायलट
2838,adhiwas,अधिवास,अधिवास
2839,phainn,फेनेन,फैंन
2840,favvara,फववारा,फव्वारा
2841,halchal,हलचल,हालचाल
2842,wishvaweer,विश्वीर,विश्ववीर
2843,crest,क्रेस्ट,क्रेस्ट
2844,brahmleen,ब्रह्मलीन,ब्रह्मलीन
2845,virechan,वीरचान,विरेचन
2846,yaaddaashta,याद्धस्था,याद्दाश्त
2847,ujjain,उज्जैं,उज्जैन
2848,sahyaatre,सहयात्रे,सहयात्री
2849,jimme,जिम्मे,जिम्मे
2850,sarawagi,सरावगी,सारावागी
2851,dekhiyegaa,देखियेगा,देखियेगा
2852,wajood,वजूद,वजूद
2853,kundal,कुंडल,कुंडल
2854,ria,रिया,रिया
2855,slider,स्लाइडर,स्लाइडर
2856,management,मैनेजमेंट,मैनेजमेंट
2857,karyakaaryakartaon,कार्यकार्यकर्ताओं,कार्यकार्यकर्ताओं
2858,cristis,क्रिस्टिस,क्रिस्टिस
2859,ruktey,रुक्टे,रुकते
2860,distrabyuters,डिस्ट्राब्यूटर्स,डिस्ट्रब्यूटर्स
2861,spell,स्पेल,स्पेल
2862,damapar,दमापर,दमपर
2863,thikane,ठिकने,ठिकाने
2864,interactuality,इंटरक्््युललिटी,इंटरटेक्चुअलिटी
2865,cdyaan,कादियन,सीडीयां
2866,south,साउथ,साउथ
2867,aapkaa,आपका,आपका
2868,nahinkarwaaee,नहींकरराय,नहींकरवाई
2869,jaagriti,जागृति,जागृति
2870,choodhe,छूढ़े,चूड़े
2871,thirty,थिर्टी,थर्टी
2872,nadsa,नाडसा,नक्सल
2873,gsm,जीएसएम,जीएसएम
2874,gujarat,गुजरत,गुजरात
2875,darshnarthee,दर्शनार्थी,दर्शनार्थी
2876,nabha,नाभा,नाभा
2877,dhokebaaj,धोकेबाज,धोखेबाज
2878,lega,लेगा,लेगा
2879,beeaaeeaaeeteeem,बीअतीमीय,बीआईआईटीएम
2880,somwaar,सोमवार,साेमवार
2881,wanon,वानों,वाणों
2882,audhyogikaran,अध्योगीकरण,औद्योगिकरण
2883,agrahari,अग्रहरी,अग्रहरि
2884,aafa,आफा,आफॅ
2885,teemaardaron,तीमार्दारों,तीमारदारों
2886,misra,मिसरा,मिश्रा
2887,cerebra,सेरेब्रा,सेरेब्रा
2888,naagrik,नागरिक,नागारिक
2889,dastaar,दस्तार,दस्तार
2890,makarh,मकर,मकरः
2891,gtor,जीटीओआर,जीतोड़
2892,ballistic,बालसिटिक,बैलिस्टिक
2893,chadhegaa,चढ़ेगा,चढ़ेगा
2894,maange,माँगे,मांगे
2895,nilabh,नीलाभ,नीलाभ
2896,mensharaab,मेंशारब,मेंशराब
2897,singhade,सिंघड़े,सिंघाड़े
2898,hisaarah,हिसारह,हिसारः
2899,ramkot,रामकोट,रामकोट
2900,baithate,बैठते,बैठते
2901,taskheer,तस्खीर,तसखीर
2902,ishaara,ईशारा,इशारा
2903,solapur,सोलापुर,सोलापुर
2904,mejbaani,मेजबानी,मेजबानी
2905,florence,फ्लोरेंस,फ्लोरेंस
2906,paraamarshak,परामर्षक,परामर्शक
2907,jhaadane,झाड़ने,झाड़ने
2908,theaters,थीटर्स,थियेटर्स
2909,aadaan,आदाँ,आदान
2910,ambience,एंबियंस,आंबियंस
2911,surakshaah,सुरक्षाह,सुरक्षाः
2912,hikaarico,हिकारिको,हिकारिको
2913,baanyaa,बाँया,बांया
2914,rookvaai,रूकवाई,रुकवाई
2915,mitravat,मित्रवत,मित्रवत
2916,bokaro,बोकारो,बोकारो
2917,maurya,मौर्य,मौर्या
2918,pratinidhikaaree,प्रतिनिधिकारी,प्रतिनिधिकारी
2919,chandramaon,चंद्रमाओं,चंद्रमाओं
2920,parosane,परोसने,परोसने
2921,dhaiya,धिया,ढैया
2922,spirits,स्पिरिट्स,स्पिरिट्स
2923,leandro,लीन्द्रो,लियान्ड्रो
2924,sean,सीन,शॉन
2925,swarthparak,स्वार्थपरक,स्वार्थपरक
2926,chuchiyaan,चुचियां,चूचियां
2927,mahamidiya,महामिडिया,महामीडिया
2928,poorwajanmon,पूर्वजनोंं,पूर्वजन्मों
2929,shohadapantee,शोहदापींत,शोहदापंती
2930,kushaan,कुशाँ,कुषाण
2931,jamloki,जमलोकी,जमलोकी
2932,everest,इवरसस्ट,एवरेस्ट
2933,taswaaron,तसवारों,तस्वारों
2934,advivas,अदविवास,अधिवास
2935,premlata,प्रेमलाता,प्रेमलता
2936,murrieta,मुर्यीटा,मुर्रिएटा
2937,vaimanasya,वैमनस्य,वैमनस्य
2938,kelly,केली,केली
2939,tinplate,टिनप्लेट,टिनप्लेट
2940,vaan,वान,वाण
2941,mahamantr,महामंत्र,महामंत्र
2942,mezbaan,मेज़बान,मेजबान
2943,shumali,शुमाली,शुमाली
2944,fulaaye,फुलाए,फुलाए
2945,pruitt,प्रूटिट,प्रूट
2946,rojvelt,रोजवेल्ट,रुजवेल्ट
2947,prashasanik,प्रशासनिक,प्रशासनिक
2948,ulazaanon,उलज़ानों,उलझानों
2949,patrakaarvarta,पत्रकार्वतार,पत्रकारवार्ता
2950,duar,डुअर,दुआर
2951,kathfodave,कठफोड़ेव,कठफोड़वे
2952,bipin,बाईपिन,बिपिन
2953,offerh,ऑफर,ऑफरः
2954,isayiyon,इसायियों,ईसाइयों
2955,propellent,प्रोपेलेंट,प्रोपेलेंट
2956,kansai,कासाई,कंसाई
2957,sikhin,सिखिन,सीखीं
2958,cdcl,सीडीसीएल,सीडीसीएल
2959,abbott,अब्टॉट,एबोट
2960,katlari,कतलारी,कटलरी
2961,aadiwadiyon,आदिवादियों,आदिवादियों
2962,chitrakathaa,चित्रकथा,चित्रकथा
2963,avshisht,अवशिष्ट,अवशिष्ट
2964,phyuchuristic,फ्यूचुरिकस्टि,फ्यूचुरिस्टिक
2965,tereeh,तेरीं,तेरीः
2966,nanhe,ना्हें,नन्हें
2967,avery,एवेरी,एवरी
2968,suba,सुबा,सूबा
2969,shakhayen,शखयएं,शाखाएं
2970,trikaldarshee,त्रिकल्दद्शीर,त्रिकालदर्शी
2971,paalasaahee,पालसाही,पालसाही
2972,failaiye,फैलाइये,फैलाइए
2973,jhauvaa,झूवा,झउवा
2974,jamati,जमाती,जमाती
2975,janhani,जाहनी,जनहानि
2976,ponding,पॉंडिंग,पोंडिंग
2977,taswaron,तसवारों,तस्वारों
2978,deshkal,देशकाल,देशकाल
2979,hichkichaa,हिचकीचा,हिचकिचा
2980,basteeh,बस्तीह,बस्तीः
2981,garibi,गारीबी,गरीबी
2982,phadphadaaen,फड़फड़ाएं,फड़फड़ाएं
2983,sitaram,सिताराम,सीताराम
2984,kmere,क्मेरे,कमेरे
2985,bairakpur,बैराकपुर,बैरकपुर
2986,svayamswikrat,स्वयंस्वीकृत,स्वयंस्वीकृत
2987,kaasovo,कासोवो,कासोवो
2988,majboori,मजबूरी,मज़बूरी
2989,convocation,कनकोकेशन,कन्वोकेशन
2990,skipper,स्किप्पर,स्किपर
2991,jaipur,जैपुर,जयपुर
2992,prasthaanon,प्रस्थानों,प्रस्थानों
2993,narm,नरम,नरम
2994,radiopremi,रेडियोप्रेमी,रेडियोप्रेमी
2995,titagarh,तीतागढ़,टीटागढ़
2996,chico,चिको,चिको
2997,rajyamantreesvatantra,राज्यमंत्रितेंत्््र,राज्यमंत्रीस्वतंत्र
2998,mainval,मैनवॉल,मैनवल
2999,gujarana,गुजराना,गुजारना
3000,satluj,सतलुुज,सतलुज
3001,jatiyon,जतियों,जातियों
3002,anhoni,अनहोनी,अनहोनी
3003,telelinks,टेलिलिंक्स,टेलीलिंक्स
3004,labs,लैब्स,लैब्स
3005,harawal,हरावल,हरावल
3006,marriage,मार्यिएग,मैरेज
3007,maniya,मनिया,मनिया
3008,tractors,ट्रैक्टर्स,ट्रैक्टर्स
3009,kanchan,कांचन,कंचन
3010,lairi,लाईरी,लैरी
3011,kaaryaawadhi,कार्यवाधी,कार्यावधि
3012,jalbharav,जलभारव,जलभराव
3013,bhaadaa,भाड़ा,भाड़ा
3014,baagora,बागोरा,बागोरा
3015,piega,पिगा,पिएगा
3016,stephens,स्टेफेंस,स्टीफेंस
3017,abhimat,अभिमत,अभिमत
3018,accelya,एक्सेलय,एक्सेल्या
3019,wirerless,वायरलेस,वायरलेस
3020,chauda,चौड़ा,चौड़ा
3021,parbhani,परभानी,परभणी
3022,khaatedar,खाटेदार,खातेदार
3023,badhna,बढ़ना,बढना
3024,burch,बर्च,बर्च
3025,upadrawon,उपद्रवों,उपद्रवों
3026,tikiyon,टिकियों,टिकियों
3027,milk,मिल्क,मिल्क
3028,dubona,डुबोना,डुबोना
3029,baker,बैकर,बेकर
3030,sutali,सुताली,सुतली
3031,buddharam,बुद्धारम,बुद्धाराम
3032,wealth,वेलथ,वेल्थ
3033,patrani,पतरानी,पटरानी
3034,ardhavishwaas,अर्द्धविशास,अर्धविश्वास
3035,paim,पीम,पैम
3036,castaneda,कास्टेनेडा,कास्टानेडा
3037,baljit,बालजीत,बलजीत
3038,bhatnagar,भटनागर,भटनागर
3039,jaatakon,जाटकों,जातकों
3040,ecuador,इक्यूडर,इक्वाडोर
3041,swargdoot,स्वर्गदुत,स्वर्गदूत
3042,rushikul,रुशिकुल,ऋषिकुल
3043,tate,ताते,टेट
3044,kanthhar,कंठर,कंठहार
3045,beaulad,ब्युलैड,बेऔलाद
3046,europea,यूरोपिया,यूरोपिया
3047,gaye,गये,गए
3048,dadreva,ददरेवा,ददरेवा
3049,bikherane,बिखेरने,बिखेरने
3050,hamlo,हमलों,हमलो
3051,pakdaae,पकड़ए,पकड़ाए
3052,uplabdhiyon,उपलब्धियों,उपलब्धियों
3053,colorado,कोलोरोडो,कोलोराडो
3054,packard,पैकडार्ड,पैकर्ड
3055,jagruti,जगरूती,जागृति
3056,andhra,आंध्ररा,आंध्रा
3057,chounkate,चौंकते,चौंकाते
3058,bekhvaabiyaan,बेखवाबियाँ,बेख्वाबियां
3059,naphaa,नफा,नफ़ा
3060,sinha,सिन्हा,सिन्हा
3061,utpidan,उत्पिदान,उत्पीडऩ
3062,saga,सागा,सागा
3063,aarya,आर्या,आर्य
3064,dikhaaiye,दिखाइए,दिखाइये
3065,anishtata,अनिशतता,अनिष्टता
3066,udan,उड़न,उड़ान
3067,sanyuktawastha,संयुक्तत्वत्थ,संयुक्तावस्था
3068,shamtal,शमतल,शमलात
3069,evava,इवावा,एवव
3070,adhiwaktaagan,अधिवकतगन,अधिवक्तागण
3071,ralhan,रालना,रल्हन
3072,jhuthalane,झुठलने,झुठलाने
3073,purvaabhaas,पूर्वभास,पूर्वाभास
3074,bijendrasinh,बिजेन्द्रसिंह,बिजेन्द्रसिंह
3075,chinmani,चिनमानी,चिनमणि
3076,loksbhavaali,लोकस्भावली,लोकसभावाली
3077,ladki,लड़की,लड़की
3078,narsinghgarh,नरसिंगघर,नरसिंहगढ़
3079,sanghathanamantriyon,संघठनामंत्रियों,संगठनमंत्रियों
3080,roopi,रूपी,रूपी
3081,karykartaon,कार्यकर्ताओं,कार्यकर्ताओं
3082,augusta,अगुस्ता,अगस्ता
3083,manmarji,मनमारजी,मनमर्जी
3084,antrmukh,एंत्रमुख,अंतर्मुख
3085,anumar,अनुमर,अनुमार
3086,rishtanaataa,रिश्तनाता,रिश्तानाता
3087,dviarthi,द्विरा््थी,द्विअर्थी
3088,chootile,छूतीले,चुटीले
3089,hattiesburg,हैटीीस्बर्ग,हैटीज़बर्ग
3090,yoojee,यूजी,यूजी
3091,raaj,राज,राज
3092,raigulization,रेज्यूलाइजेशन,रैगुलाइजेशन
3093,vindhya,विंधयय,विंध्या
3094,fixingah,फिकसिंग,फिक्सिंगः
3095,kamjor,कमजोर,कमज़ोर
3096,bhara,भरा,भरा
3097,chaudhavan,चौधावन,चौदहवां
3098,falne,फल्े,फलने
3099,shrunkhla,श्रुंखला,श्रंखला
3100,vipannta,विपन्त,विपन्नता
3101,proofread,प्रूफरीड,प्रूफ़रीड
3102,zamana,ज़माना,ज़माना
3103,ghataaegee,घटाएगी,घटाएगी
3104,danga,दंगा,दंगा
3105,erica,एरीका,एरिका
3106,bhola,भोला,भोला
3107,vyakhyatmakta,व्याख्यात्मकता,व्याख्यात्मकता
3108,yojnah,योजनाह,योजनाः
3109,webuniyadee,वेबुनियिडी,वेबुनियादी
3110,rumani,रूमानी,रुमानी
3111,sahu,साहु,साहू
3112,pradhaannagar,प्रधाननगर,प्रधाननगर
3113,seattle,सीटल,सीऐटल
3114,stain,स्टेन,स्टैन
3115,insaani,इंसानी,इनसानी
3116,hamla,हमला,हमला
3117,nutrio,न्यूट्रियो,न्यूट्रियो
3118,ladadd,लैडेड,लदड
3119,antadiyan,अंततिदयां,अंतडियां
3120,kushwaha,कुशवाहा,कुशवाहा
3121,kochchih,कॉच्छी,कोच्चिः
3122,ganapathy,गणपथी,गणपति
3123,farmic,फ़्रमिक,फार्मिक
3124,padengee,पड़ेंगी,पड़ेंगी
3125,arth,आर्थ्ह,अर्थ
3126,mukarrar,मुकर्रर,मुक़र्रर
3127,niptakar,निपटकर,निपटाकर
3128,holidays,होलिडाइज,होलिडेस
3129,cooch,कूच,कूच
3130,utthak,उत्तक,उठ्ठक
3131,sulkhan,सुलखान,सुलखान
3132,kamere,कमेरे,कमेरे
3133,jagayega,जगयेगा,जगाएगा
3134,santree,सन्त्री,संत्री
3135,shakhsiyaten,शख्सियतें,शख्सियतें
3136,panchang,पंचंग,पंचांग
3137,zalana,ज़ालना,झालाना
3138,nitya,नित्य,नित्या
3139,ichchhee,इच्छी,इच्छी
3140,habra,हब्रा,हाबरा
3141,paaliyon,पालियों,पालियों
3142,azoospermia,अज़ूस्पर्मिया,एजूस्पर्मिया
3143,taavij,ताविज,तावीज
3144,foodworks,फूडवर्क्स,फ़ूडवर्क्स
3145,graham,ग्रहम,ग्राहम
3146,prabhaanmantree,प्रभानमंत्री,प्रभानमंत्री
3147,seth,सेथ,सेथ
3148,jagtap,जगताप,जगताप
3149,harshit,हर्षित,हर्षित
3150,dubna,डुबना,डूबना
3151,raktadataon,रक्तदाताओं,रक्तदाताओं
3152,mexico,मेक्सिको,मेक्सिको
3153,tasir,तासिर,तासीर
3154,eyarkandishnar,इयरकंदिनशर,एयरकंडीशनर
3155,eddi,एडीडीआई,एड्डी
3156,macon,मकों,मैकॉन
3157,israni,इसरानी,इसरानी
3158,ainth,एंथ,ऐंठ
3159,shreemahapurn,श्रीमहापूर्ण,श्रीमहापूर्ण
3160,dork,डोर्क,डॉर्क
3161,jeenon,जीनों,जीनों
3162,ghareebon,घरीबों,ग़रीबों
3163,taraashakar,तराशकर,तराशकर
3164,observer,आब्वरर,ऑब्जर्वर
3165,aarya,आर्य,आर्यो
3166,ukhad,उखद,उखड
3167,saathsaath,साथसाठ,साथसाथ
3168,packagon,पैकाजों,पैकेजों
3169,hindon,हिंडोन,हिंडन
3170,aprihary,अप्रिहर्यी,अपरिहार्य
3171,manzil,मंजिल,मंजिल
3172,lx,एलएक्स,एलएक्स
3173,karvi,कारवी,कर्वी
3174,dubhashiyon,दुभाषियों,दुभाषियों
3175,rikannekting,रिकन्ेंंगंग,रिकनेक्टिंग
3176,wind,विंड,विंड
3177,client,क्लाइंट,क्लांइट
3178,shararat,शरारत,शरारत
3179,ventura,वेंटूरा,वेंचुरा
3180,rollins,रॉलिंस,रोलिंस
3181,haynes,हेंस,हैन्स
3182,niketan,निकेतन,निकेतन
3183,krantiyon,क्रांतियों,क्रांतियों
3184,twin,ट्विन,ट्विन
3185,divya,दिव्य,दिव्य
3186,gidgidate,गिडिगिडे,गिड़गिड़ाते
3187,nigmaayukt,निगमायुक्त,निगमायुक्त
3188,gabalee,गबली,गबली
3189,novato,नोवाटो,नोवाटो
3190,rishwatkhor,रिश्वतलोर,रिश्वतखोर
3191,faansi,फांसी,फांसी
3192,garjana,गर्जना,गर्जना
3193,nihlani,निहलानी,निहलानी
3194,pintaa,पिंटा,पिंटा
3195,greer,ग्रिर,ग्रीर
3196,lewisville,लीविसिल,लेविसविल
3197,prakaashit,प्रकाशित,प्रकाषित
3198,clariant,क्लैरियन्ट,क्लैरिएंट
3199,khaayal,खायल,क़ायल
3200,dwiarthi,द्वियार्थी,द्विअर्थी
3201,raakhe,रखे,राखे
3202,bulandshahr,बुलानशदहर,बुलंदशहर
3203,stafford,स्टाफोर्ड,स्टेफोर्ड
3204,najariyon,नजरियों,नजरियों
3205,world,वर्ल्ड,वर्ल्ड
3206,jeevniyaan,जीवनियाँ,जीवनियां
3207,parmeshwarpur,परमेश्वरूपर,परमेश्वरपुर
3208,uthanee,उठनी,उठनी
3209,nyootriyo,न्यूतिरियो,न्यूट्रियो
3210,jetha,जेठा,जेठा
3211,baagbagichon,बागबगीचों,बागबगीचों
3212,suchikitsaa,सूचिकित्सा,सुचिकित्सा
3213,nagmandal,नगमंडल,नागमण्डल
3214,pradadhikariyon,प्रदाधिकारियों,प्रदाधिकारियों
3215,urvarta,उर्वरता,उर्वरता
3216,neal,नीईएल,नील
3217,kriptocurrencyon,कृप्टोकार्ट्योरों,क्रिप्टोकरेंसियों
3218,svaayattshaasan,स्वायत्त्सवशन,स्वायत्तशासन
3219,zarda,ज़रदा,जर्दा
3220,uplakshya,उपलक्ष्य,उपलक्ष्य
3221,chhudwaya,छुड़वाया,छुड़वाया
3222,vidagdhaa,विदागधा,विदग्धा
3223,mukhyamantripatana,मुख्यमंत्रीपूंसन,मुख्यमंत्रीपटना
3224,gene,जेन,जैने
3225,ratanpur,रतानपुर,रतनपुर
3226,mhantam,महान्मम,महानतम
3227,guna,गुना,गुना
3228,mtech,मेटके,एमटेक
3229,denevali,देनेवाली,देनेवाली
3230,naabhikund,नाभिकुंड,नाभिकुंड
3231,visheshanon,विशेषणों,विशेषणों
3232,langaron,लंगारों,लंगरों
3233,polythenon,पोलिथोनों,पॉलिथीनों
3234,sambit,सम्बित,संबित
3235,dhundh,धूंध,ढूंढ
3236,haan,हाँ,हां
3237,takra,तकरा,टकरा
3238,dhandhekhori,धनधेखोरी,धंधेखोरी
3239,pulinde,पुलिंदे,पुलिंदे
3240,epoklips,इपोक्लिप्स,एपोक्लिप्स
3241,vigyaanapeediyaa,विज्ञानिपीयी,विज्ञानपीडिया
3242,mahoney,महोनी,महोनी
3243,poonjitantra,पूंजीतांतर,पूंजीतंत्र
3244,khare,खरे,खरे
3245,ekstactor,एकस्टैक्टर,एक्सटेक्टर
3246,zunheboto,ज़न्होबोटो,ज़ुन्हेबोटो
3247,priyamani,प्रियमानी,प्रियामणि
3248,sawaal,सवाल,सवाल
3249,sukhakar,सुखाकर,सूखाकर
3250,aalochak,आलोचक,आलोचक
3251,phaans,फांस,फाँस
3252,jayalalitaa,जयलिलता,जयललिता
3253,amjhera,अंझेरा,अमझेरा
3254,bombay,बम्बाय,बॉम्बे
3255,vyagra,व्याग्रा,व्यग्र
3256,apnani,अपनानी,अपनानी
3257,risane,रिसाने,रिसने
3258,chhure,छूरे,छुरे
3259,charlotte,चार्लोटे,शार्लेट
3260,jose,जोसे,जोस
3261,raileeh,रैली,रैलीः
3262,mejbaan,मेजबाँ,मेज़बान
3263,dhandhanya,धनधन्या,धनधान्य
3264,dabur,दाबुर,डाबर
3265,bsss,बीएसएसएस,बीएसएसएस
3266,najib,नजीब,नजीब
3267,avsthayen,अवस्थायें,अवस्थाएं
3268,jabalpur,जबलपुर,जबलपुर
3269,dharmanirpekshtaake,धर्मनिरपेक्षतेका,धर्मनिरपेक्षताके
3270,farmer,फर्मर,फार्मर
3271,nacl,एनएसीएल,एनएसीएल
3272,somerville,सोरविले,समरविल
3273,bull,बु्ल,बुल
3274,jhulae,झूले,झुलए
3275,khagyaar,खागयार,खग्यार
3276,meharaam,मेहराम,मेहराम
3277,dhasmana,धामसना,धस्माना
3278,ripan,रिपान,रिपन
3279,bhagdaud,भगदौड़,भागदौड़
3280,mithya,मिथ्या,मिथ्या
3281,lalaaniyaa,ललानिया,ललानिया
3282,bhulon,भुलों,भूलों
3283,vadali,वडाली,वडाली
3284,nagappattinam,नागपत्तिमं,नागापट्टिनम
3285,vaimanya,वैमण्या,वैमनस्य
3286,biggest,बिगेस्ट,बिगेस्ट
3287,jodta,जोड़ता,जोड़ता
3288,mahattaron,महत्तरों,महत्तरों
3289,orchha,ओरचा,ओरछा
3290,dhairyavaan,धैर्यवां,धैर्यवान
3291,sund,सुन्द,सूंड़
3292,prince,प्रिंस,प्रिंस
3293,zuban,जुबान,ज़ुबान
3294,camstudio,कामस्टोडियो,कैमस्टूडियो
3295,yooropiyaa,यूरोपिया,यूरोपिया
3296,meza,मेज़ा,मेज़ा
3297,bhusawal,भुसावल,भुसावल
3298,gayatri,गयात्री,गायत्री
3299,ware,वारे,वेयर
3300,buddhizeevon,बुद्दिजीवों,बुद्धिजीवों
3301,enth,एंथ,ऐंठ
3302,radar,रादार,रदर
3303,ilayachi,इलायाची,इलाइची
3304,ubaal,उबल,उबाल
3305,shreeganganagarwaasiyon,श्रीगंगानर्गीकायों,श्रीगंगानगरवासियों
3306,fitzgerald,फिट्जरगैल्ड,फिजराल्ड़
3307,jeevanshaili,जीवनशैली,जीवनशैली
3308,chart,चार्ट,चार्ट
3309,sargi,सर्गी,सरगी
3310,vedon,वेडों,वेदों
3311,murmur,मुरमूर,मरमर
3312,bhaate,भाते,भाते
3313,wipkha,विपखा,विप्ख
3314,bayaane,बयाने,बयाने
3315,madanaganja,मदानगंज,मदनगंज
3316,packageon,पैकेजोन,पैकेजों
3317,varnankartaaon,वर्णाकर्ताओं,वर्णनकर्ताओं
3318,jyada,ज्यादा,ज़यादा
3319,lokotsaw,लोकोत्सव,लोकोत्सव
3320,tewree,तीवरी,तेवरी
3321,jhaugunj,झौगुंज,झाउगंज
3322,malwan,मालवान,मालवान
3323,tadanrusti,तदनरस्ति,तदंरुस्ती
3324,el,ईएल,ऐल
3325,qabzaa,क़बज़ा,क़ब्ज़ा
3326,susanskrit,सुसंस्कृत,सुसंस्कृत
3327,sandhol,संधोल,संधोल
3328,aamariyapadha,आमरीयपदा,आमरियापाड़ा
3329,haabban,हाबबान,हाब्बन
3330,bowling,बाउलिंग,बाउलिंग
3331,rasme,रसमें,रस्मे
3332,emdablyupiel,एम्बेय्य्लययूपी,एमडब्ल्यूपीएल
3333,vidhaaon,विधाओं,विद्याओं
3334,bowie,बोवी,बोवी
3335,chennai,चेन्नई,चेन्नई
3336,kamaljeet,कमलजीत,कमलजीत
3337,singha,सिंघा,सिंहा
3338,pensiondhariyon,पेन्सियोधारियों,पेंशनधारियों
3339,barah,बरह,बारह
3340,dubana,डुबाना,डूबना
3341,esetal,एसेटल,एसेटल
3342,chouhan,चूहां,चौहान
3343,phalne,फालने,फलने
3344,siddhaarthah,सिद्धारथः,सिद्धार्थः
3345,apex,एपेक्स,एपेक्स
3346,dalton,डालटन,डाल्टन
3347,shrikhand,श्रीखण्ड,श्रीखंड
3348,textiles,टेक्सटाइल्स,टेक्सटाइल्स
3349,agarwal,अगरवाल,अग्रवाल
3350,mithyaachariyon,मिथ्याचारियों,मिथ्याचारियों
3351,cement,सीमेंट,सिमटे
3352,kraanfrensing,क्रानफ्रेंजिंग,क्रान्फ्रेंसिंग
3353,sanskrutiyon,संस्कुरतियों,संस्कृतियों
3354,dhankkar,ढांककर,ढंककर
3355,nizamabad,निज़ामाबाद,निज़ामाबाद
3356,chhatenee,छतनीी,छतेनी
3357,dushkriyaa,दुश्क्रिया,दुष्क्रिया
3358,sasaram,ससराम,सासाराम
3359,chidhte,चिठते,चिढ़ते
3360,lamba,लाम्बा,लाम्बा
3361,lautis,लाउटिस,लउटिस
3362,khaen,खेन,खाएँ
3363,dhndhe,धन्धे,धंधे
3364,antayant,अंततयंत,अन्त्यन्त
3365,mass,एएसएसएस,मास
3366,baraamad,बारामद,बरामद
3367,kremistry,क्रेमिस्ट्री,क्रेमिस्ट्री
3368,uthanevale,उथानेवाले,उठनेवाले
3369,lehna,लहना,लहना
3370,siragitti,सिरागट्टी,सिरगिट्टी
3371,control,कॉनट्रोल,कंट्रोल
3372,andaajee,अंदाजी,अंदाजी
3373,cateline,कैटेलीन,कैटलिन
3374,pakshpat,पक्षपाट,पक्षपात
3375,fodo,फोडो,फोड़ों
3376,franciska,फ्रांसिक्का,फ्रांसिस्का
3377,prayogaprushth,प्रयोगयुप्रुष,प्रयोगपृष्ठ
3378,krantidhara,क्रान्तिधारा,क्रांतिधरा
3379,daishwala,दैशवाला,डैशवाला
3380,khurasan,खुरासन,खुरासान
3381,quarantine,क्वार्टिनाइ,क्वॉरेनटाइन
3382,fond,फॉंड,फोंड
3383,pakshapat,पक्षपात,पक्षपात
3384,putla,पुतला,पुतला
3385,truth,त्रुथ,ट्रुथ
3386,sathsath,साथसथ,साथसाथ
3387,mohim,मोहिम,मोहिम
3388,johnson,जोहसों,जॉनसन
3389,cpm,सीपीएम,सीपीएम
3390,bataaya,बताया,बाताया
3391,palmer,पाल्मर,पाल्मर
3392,tughlaqabad,तुुलगाकबाद,तुगलकाबाद
3393,apcotex,अपेकॉट्स,एपकोटेक्स
3394,hairam,हैराम,हैरम
3395,sarebajar,सरेबाजर,सरेबाजार
3396,jerusalem,जेरूसलमे,येरुशलम
3397,mold,मोल्ड,मोल्ड
3398,warnankartaaon,वर्णांकर्ताओं,वर्णनकर्ताओं
3399,hooper,हुपर,हूपर
3400,waters,वाटर्स,वाटर्स
3401,lubhaate,लुभाते,लुभाते
3402,fefda,फेड्फा,फेफड़ा
3403,kamottejna,कमोट्टेजना,कामोत्तेजना
3404,dampati,दम्पती,दंपति
3405,soya,सोया,सोया
3406,barbartapurna,बारबरतापूर्ण,बर्बरतापूर्ण
3407,tadipar,तड़ीपर,तड़ीपार
3408,lutf,लट्फ,लुत्फ
3409,tariko,तारिको,तरीको
3410,chataa,छटा,चता
3411,pittman,पित्टमैन,पिटमैन
3412,pahla,पहला,पहला
3413,multimedia,मल्टीमेडिया,मल्टीमीडिया
3414,tyohaar,त्योहार,त्यौहार
3415,label,लेबल,लेबल
3416,le,ल,ले
3417,tirthatan,तीर्थतन,तीर्थाटन
3418,satuaa,सतुआ,सतुआ
3419,vargas,वरगास,वर्गस
3420,dabolim,डाबोलिम,डाबोलिम
3421,soochnaah,सूचना,सूचनाः
3422,labelling,लेबलिंग,लेबलिंग
3423,roseville,रोसेविल,रोज़विल
3424,phaaeebrets,फायबर्ट्स,फ़ाईब्रेट्स
3425,aalto,आल्टो,ऑल्टो
3426,partanee,पर्तनी,परतानी
3427,asmitaon,अस्मिताओं,अस्मिताओं
3428,want,वन्ट,वांट
3429,tadpatee,तड़पती,तड़पती
3430,patel,पतेल,पटेल
3431,kaaji,काजी,काजी
3432,dostanapurna,दोस्तानापूर्ण,दोस्तानापूर्ण
3433,kshetron,क्षेत्रों,क्षेत्राें
3434,lynch,लिंच,लिंच
3435,state,स्टेट,स्टेट
3436,ragon,रागों,रागों
3437,malhotra,मालहोत्रा,मल्होत्रा
3438,pragyatantra,प्रज्ञतंत्र,प्रज्ञातंत्र
3439,duneerti,दुनीर्ती,दुर्नीति
3440,crosse,क्रोसे,क्रॉस
3441,avyavasayi,अव्यवसायी,अव्यवसायी
3442,dhiryawaan,धिर्यावां,धैर्यवान
3443,time,टाईम,टाइम
3444,ashariri,आशरीरी,अशरीरी
3445,chandradas,चंद्रादास,चन्द्रदास
3446,jyotishi,ज्योतिषी,ज्योतिषि
3447,alexandria,अलेक्सांद्रिया,एलेक्जेंड्रिया
3448,bewakoofaanaa,बेवकूफ़ाना,बेवकूफाना
3449,sirpur,सिरपुर,सिरपुर
3450,uzbek,उज़बेक,उज़्बेक
3451,kharuvaar,खरुवार,खरुवार
3452,dharmaviheenataa,धर्मविहीनता,धर्मविहीनता
3453,surendranagar,सुरेंद्रनगर,सुरेंद्रनगर
3454,aalha,आल्हा,आल्हा
3455,arunachal,अरुणाचल,अरुणाचल
3456,krueger,क्रूगर,क्रुएगर
3457,bagli,बागली,बागली
3458,davindarpaal,दविंदरापाल,दविन्दरपाल
3459,chaplusi,चप्लूसी,चापलूसी
3460,sanskariyon,संस्कारियों,संस्कारियों
3461,engines,इंजीनेज,इंजन्स
3462,mendez,मेंडेज,मेंडेज़
3463,siyah,सियाह,सियाह
3464,gujaarane,गुजारने,गुजारने
3465,gajara,गजरा,गजरा
3466,kavi,कावी,कवि
3467,midnapore,मिडनापोर,मिदनापुर
3468,vrutton,व्रुटन,वृत्तों
3469,sirmon,सिरमों,सिरमोन
3470,vartman,वर्तमैन,वर्तमान
3471,ubhrega,उभरेगा,उभरेगा
3472,pilot,पिलोट,पायलट
3473,narbhakshi,नरभक्षी,नरभक्षी
3474,entreeks,एन्ट्रीक्स,एंट्रीक्स
3475,dayton,देत्यों,डेटन
3476,badoo,बदू,बडू
3477,allrounder,एलरॉंडर,ऑलराउंडर
3478,nishra,निश्रा,निश्रा
3479,wadhawan,वाधवां,वधावन
3480,jensen,जेनसेन,जेन्सन
3481,pali,पाली,पाली
3482,trimasik,त्रिमासिक,त्रैमासिक
3483,attraikt,एट्रेटिक्,अट्रैक्ट
3484,vavidyaalaya,वविद्यालय,वविद्यालय
3485,chandan,चंदन,चंदन
3486,mega,मेगा,मेगा
3487,mansfield,मान्सफील्ड,मैन्सफील्ड
3488,mattancheri,मट्टांचेरी,मट्टानचेरी
3489,navketan,नवकेतन,नवकेतन
3490,kamtar,कमतर,कमतर
3491,pityooniya,पित्यूनिया,पिट्यूनिया
3492,purooshottampur,पुरूषोत्तमपुर,पुरूषोत्तमपुर
3493,tapan,तपन,तपन
3494,jubaan,जुबान,ज़ुबान
3495,enseeaardablyoosee,इनसीयरोडीमाइडीज,एनसीआरडब्ल्यूसी
3496,haimbalin,हैंबलििन,हैम्बलिन
3497,aaraam,आराम,आराम
3498,yashpal,यश्पल,यशपाल
3499,wokha,वोखा,वोखा
3500,chhetri,छेतरी,छेत्री
3501,omaxe,ऑमाक्स,ओमैक्स
3502,parween,परवीन,परवीन
3503,kukreja,कुकरेजा,कुकरेजा
3504,premphalah,प्रेमफलाह,प्रेमफलः
3505,narmi,नर्मी,नरमी
3506,shrinkhalaon,श्रृंखलाओं,श्रंखलाओं
3507,avrodhak,अवरोधक,अवरोधक
3508,teeron,तीरों,तीरों
3509,ganesha,गणेशा,गणेशा
3510,jhada,झड़ा,झाड़ा
3511,anupama,अनुपमा,अनुपमा
3512,talabgaar,तलबगार,तलबगार
3513,bindal,बिंदल,बिन्दल
3514,zavala,ज़वाला,ज़वाला
3515,aamriyapada,आमृतपाद,आमरियापाड़ा
3516,pratinidhikaree,प्रतिनिधिकरीय,प्रतिनिधिकारी
3517,halmatpuraa,हलमतपुरा,हलमतपुरा
3518,boodam,बूदम,बूदम
3519,macias,मेसियास,मैकियास
3520,medical,मेडिकल,मेडीकल
3521,respecting,रिस्पेक्टिंग,रिस्पेक्टिंग
3522,ranjkta,रंजकता,रंजकता
3523,da,डी,दा
3524,suction,सक्शन,सक्शन
3525,bhumi,भूमी,भूमी
3526,tyoharon,त्योहरों,त्यौहारों
3527,rangate,रंगते,रंगते
3528,uttra,उत्त्र,उत्तरा
3529,penshandhaariyon,पेंशाधनरियों,पेंशनधारियों
3530,karykartaaon,कार्यकर्ताओं,कार्यकर्ताओं
3531,vidyaaon,विद्याओं,विद्याओं
3532,dafan,दफन,द़फन
3533,sarhind,सरहिंद,सरहिंद
3534,khaaskar,खासकर,ख़ासकर
3535,raith,राइथ,रैथ
3536,gudagaunw,गुदागौंव,गुडगौंव
3537,sahab,सहब,साहब
3538,udaanon,उड़ानों,उड़ानों
3539,majesco,मजेस्को,मेजेस्को
3540,pushpa,पुषपा,पुष्पा
3541,keshari,केशरी,केशरी
3542,bombi,बम्बी,बांबी
3543,kargil,कार्गिल,कारगिल
3544,takara,टकरा,टकरा
3545,biji,बीजी,बिजी
3546,chrome,क्रोमे,क्रोम
3547,stithi,स्टिथि,स्तिथि
3548,gulf,गुल्फ़,गल्फ
3549,kaaloniwaasiyon,कालोनिवासियों,कालोनीवासियों
3550,aavritiyon,आवृतियों,आवृत्तियों
3551,suhanubhooti,सुहानुभूति,सुहानुभूति
3552,chamach,चमच,चमच
3553,virodhabhasi,विरोधाभासी,विरोधाभासी
3554,saabhaar,साभार,साभार
3555,allcargo,एल्कार्गो,ऑलकार्गो
3556,harana,हराना,हारना
3557,avyavasayee,अव्यवसायी,अव्यवसायी
3558,pravinses,प्रवीन्सेस,प्राविंसेस
3559,chhetthari,छेत्तरी,छेत्री
3560,pratishthi,प्रतिष्ठि,प्रतिष्ठी
3561,sapa,सापा,सपा्
3562,patki,पटकी,पटकी
3563,parchiyon,परचियों,पर्चियों
3564,prativad,प्रतिवाद,प्रतिवाद
3565,liphaaphaa,लिफाफ़ा,लिफ़ाफ़ा
3566,darshana,दर्शना,दर्शाना
3567,garrison,गर्रिसन,गेरीसन
3568,aakandon,आकंडों,आकंड़ों
3569,dhandon,धंडों,धंधों
3570,distreebyootaree,डिस्ट्रीब्यूटीरिय,डिस्ट्रीब्यूटरी
3571,khatri,खतरी,खत्री
3572,panjika,पंजिका,पंजिका
3573,baatah,बातः,बातः
3574,ravaley,रवेले,रावले
3575,kangan,कंगन,कंगन
3576,premaatmak,प्रेमात्मक,प्रेमात्मक
3577,sipahi,सिपाही,सिपाही
3578,notebandishuda,नोटेबंदीसुधा,नोटबंदीशुदा
3579,devlaha,देवलाहा,देवलहा
3580,halla,हल्ला,हल्ला
3581,jhamaaten,झमातें,ज़मातें
3582,massey,मससे,मैसी
3583,usak,उसक,उसक
3584,pitamah,पितामाह,पितामह
3585,vivaranahbhaarateey,विवरणःभरती,विवरणःभारतीय
3586,nagercoil,नेगरकॉल,नागेरकोइल
3587,lakhkhi,लख्खी,लख्खी
3588,achhi,अची,अच्छी
3589,satin,सतिन,सैटिन
3590,nagpur,नागपुर,नागपुर
3591,basirhat,बासीरह,बसीरहाट
3592,chhelai,छेलई,छेलै
3593,ubarkar,उबरकर,उबरकर
3594,sanyuktavastha,संयुक्तवस्था,संयुक्तावस्था
3595,suri,सुरी,सूरी
3596,bhapaai,भपाई,भपाई
3597,vyaktigat,व्यक्तिगत,व्यक्तिगत
3598,mhathir,महातिर,महाथिर
3599,flesh,फ्लेश,फ्लेश
3600,rashtrak,राष्ट्रक,राष्ट्रक
3601,raajbhaaee,राजभाई,राजभाई
3602,hong,होंग,हॉन्ग
3603,langron,लंगगरों,लंगरों
3604,subhaay,सुभाय,सुभाय
3605,fund,फंड,फंड
3606,flowers,फ्लोवर्स,फ्लावर्स
3607,uthane,उठने,उठने
3608,badaa,बदा,बडा़
3609,mishra,मिशरा,मिश्रा
3610,shat,शत,षट्
3611,manhattan,मान्हत्तन,मैनहट्टन
3612,sarguja,सरगुजा,सरगुजा
3613,evening,इनेंजिंग,ईवनिंग
3614,grahankaal,ग्रहनकाल,ग्रहणकाल
3615,bagali,बगाली,बागली
3616,neeoo,नीयो,नीऊ
3617,mundwa,मुंडवा,मुंडवा
3618,tolasan,तोलसन,तोलासन
3619,jedateeisaft,जेडतासीफत,जेडटीईसाफ्ट
3620,naagmandal,नागमण्डल,नागमण्डल
3621,kanaal,कनाल,कनाल
3622,machilipatnam,मशीलिपर्तनम,मछलीपट्टनम
3623,felix,फेलिक्स,फेलिक्स
3624,hastaksharon,हस्ताक्षरों,हस्ताक्षरों
3625,bhilai,भिलाई,भिलाई
3626,contracting,कान्ट्रैक्टिंग,कॉन्ट्रेक्टिंग
3627,qraar,क़ार,क़रार
3628,jaun,जौन,जौं
3629,bhaloo,भलू,भाालू
3630,fortis,फोर्टिस,फोर्टिस
3631,girijagharon,गिरिजागरों,गिरजाघरों
3632,jainon,जैनों,जैनों
3633,arthavyavasthaah,अर्थव्यवस्थाः,अर्थव्यवस्थाः
3634,oxys,आक्सियस,ऑक्सीज
3635,khitabon,खिताबों,खिताबों
3636,enka,इंका,एनका
3637,chashma,चश्मा,चष्मा
3638,batao,बताओ,बताअाे
3639,ghrutakumaaree,घृतुकममरी,घृतकुमारी
3640,pratestent,प्रेटेस्टेंट,प्राटेस्टेंट
3641,bauer,बौर,ब्युर
3642,lakshmidhar,लक्ष्मीधर,लक्ष्मीधर
3643,siyasi,सियासी,सियासी
3644,upyogitawadiyon,उपयोगतिवादियों,उपयोगितावादियों
3645,toogaa,तूगा,टूगा
3646,samadjiyon,समज्दियों,समाधियों
3647,khurpaka,खुरपका,खुरपका
3648,kumavat,कुमावट,कुमावत
3649,mwp,एमवीपी,एमडब्ल्यूपी
3650,suraj,सुराज,सूरज
3651,neuroscientists,न्यूरोसाइंटिसट्स,न्यूरोसाइंटिस्ट्स
3652,chandreshwaranagar,चंद्रेश्वरनगर,चंद्रेश्वरनगर
3653,tanish,तनीश,टैनिस
3654,farukhnagar,फरुखंंगर,फर्रूखनगर
3655,awaazon,अवाजों,आवाज़ों
3656,najraane,नजराने,नजराने
3657,pashuchaaraa,पशुचारा,पशुचारा
3658,webuniyadi,वेबुनियाडी,वेबुनियादी
3659,danbury,डैंबुरी,डेनबरी
3660,naidillee,नैदिली,नईदिल्ली
3661,chhalla,छल्ला,छल्ला
3662,rowan,रोवां,रोवन
3663,sheopur,शीओपुर,श्योपुर
3664,rawlani,रवलानी,रव्लानी
3665,sanvaree,संवर्ी,संवरी
3666,dhaak,धक,धाक
3667,masse,मासे,मस्से
3668,insurance,इंकुरंस,इंश्योरेंस
3669,samprbhuta,सम्प्रभुता,संप्रभुता
3670,raashtraa,राष्ट्र,राष्ट्रा
3671,jauhari,जौहरी,जौहरी
3672,judai,जुड़ाई,जुदाई
3673,badamaashon,बदमाशों,बदमाशाें
3674,khitaabon,खिताबों,खिताबों
3675,swayam,स्वयं,स्वयँ
3676,aagah,आगाह,आग़ा
3677,dhindhwal,धिंधवाल,ढिंडवाल
3678,ghise,घीस़े,घिसे
3679,sappaanwaalee,सप्पानवाली,सप्पांवाली
3680,nikharen,निखारें,निखारें
3681,baadhit,बाधित,बाधित
3682,brahmapur,ब्रह्मपुर,ब्रह्मपुर
3683,baytown,बैयटन,बैटाउन
3684,koling,कोलिंग,कोलिंग
3685,samadhiyon,समाधियों,समाधियों
3686,yooniyanwaadi,यूनियांवाड़ी,यूनियनवादी
3687,chhapemar,छापेमार,छापेमार
3688,gareebon,गरीबों,ग़रीबों
3689,thousand,थाउंसड,थाऊजेंड
3690,dasila,डासिला,डसीला
3691,kanjentevaaitis,कंजेनटेवतासी,कंजेंटेवाइटिस
3692,badhaon,बढ़ाओं,बाधाओं
3693,lagega,लागेगा,लगेगा
3694,durghatna,दुर्घटना,दुर्घटना
3695,nitiyon,नितियों,नितियों
3696,capdhari,कपधारी,कैपधारी
3697,atri,एटीआरआई,अत्री
3698,singam,सिंगम,सिंगम
3699,vastvik,वस््तविक,वास्तविक
3700,substensis,सबसस्टेंसिस,सबस्टेंसिस
3701,peelepan,पीलेपन,पीलेपन
3702,uthnee,उठनी,उठनी
3703,handiyaa,हंदिया,हंडिया
3704,pratirakshi,प्रतिरक्षी,प्रतिरक्षी
3705,lalkarta,लालकर्ता,ललकारता
3706,dukaanon,दुकानों,दुकानों
3707,nividaataon,निविदाताओं,निविदाताओं
3708,sarvjaateeya,सर्जवातीय,सर्वजातीय
3709,narsanharon,नरसंहारों,नरसंहारों
3710,neemkathana,नीमकथाना,नीमकाथाना
3711,herrera,हेरेरा,हेरेरा
3712,junun,जुनूँ,जुनून
3713,ikai,इकाई,इकाई
3714,jagdalpur,जग्दालपुर,जगदलपुर
3715,swiftlet,स्विफफ्लेट,स्विफ्टलेट
3716,jalagati,जलगती,जलगति
3717,pitts,पिट्स,पिट्स
3718,ropi,रोपी,रोपी
3719,adanga,अडंगा,अड़ंगा
3720,alasi,अलासी,आलसी
3721,chaukiyan,चौकियां,चौकियां
3722,layton,लेटों,लेटन
3723,vakrangee,वकर्गगी,वकरंगी
3724,development,डिवलेपमेंट,डेवलपमेंट
3725,shawnee,शवनी,शॉनी
3726,pardesiyon,परदेसियों,परदेसियों
3727,bhoogol,भूगोल,भूगोल
3728,bagichi,बागीची,बगीची
3729,sivan,सिवान,सिवान
3730,stray,स्ट्रे,स्ट्रे
3731,aalsi,आल्सए,आलसी
3732,view,वाइव,व्यू
3733,vishhin,विशिन,विषहीन
3734,kissagoi,किस्सगोई,किस्सागोई
3735,mahanideshak,महानिदेशक,महानिदेशक
3736,chikitsaevam,चिकित्सवाम,चिकित्साएवं
3737,bhattacharya,भट्टाचार्य,भट्टाचार्य
3738,trenton,ट्रेंटन,ट्रेंटन
3739,kanyaein,कन्याएँ,कन्याएं
3740,priyadarshini,प्रियादर्शिनी,प्रियदर्शिनी
3741,hukhookh,हुखूख,हुक़ूक़
3742,shulkah,शूलकाह,शुल्कः
3743,rane,रान,राणे
3744,mahavidya,महाविद्य,महाविद्या
3745,sanshyon,संश्यों,संशयों
3746,shreneeh,श्रेनीह,श्रेणीः
3747,odom,ओडीएम,ओडोम
3748,benitez,बेनाइट्ज,बेनिटेज़
3749,tyohar,त्योहर,त्यौहार
3750,matiyaanaa,मतियाना,मतियाना
3751,shavyaatra,शव्यात्र,शवयात्रा
3752,rishtey,रिश्ते,रिश्ते
3753,rehaana,रेहाना,रेहाना
3754,qss,सीएसएस,क्यूएसएस
3755,anaavashyak,अनावश्यक,अनावश्यक
3756,rijhaayaa,रिझाया,रिझाया
3757,brigade,ब्रिगेड,ब्रिगेड
3758,sapane,सपने,सपने
3759,chuneen,चुनीं,चुनीं
3760,koshadhikaari,कोषणीधाकीरी,कोषाधिकारी
3761,karab,करब,करब
3762,paltane,पलताने,पलटने
3763,karneshwardham,कर्णेश्वरधाम,कर्णेश्वरधाम
3764,aaryanas,आर्यनास,आर्यनस
3765,pratishthanon,प्रतिश्थानों,प्रतिष्ठानोंं
3766,karaikal,कराइकल,कराईकल
3767,uski,उसकी,उसकी
3768,vipreetataa,विप्रतीता,विपरीतता
3769,parikshao,परिक्षाओ,परीक्षाओ
3770,fyuji,फ्यूजी,फ्यूजी
3771,laaminaar,लामिनार,लामिनार
3772,jutati,जुटती,जुटाती
3773,kaushik,कौशिक,कौशिक
3774,bekaaboo,बेकाबू,बेकाबू
3775,nano,नानो,नैनो
3776,orissa,ओरिसा,ओडिसा
3777,tomar,तोमर,तोमर
3778,ropee,रोपी,रोपी
3779,thappadhabaajhee,थप्पभादीजा,थप्पड़बाज़ी
3780,baabat,बाबत,बाबत
3781,attahasa,अत्तहस,अट्टहास
3782,colan,कॉलैन,कोलन
3783,pratileetar,प्रतिलीतर,प्रतिलीटर
3784,bhusi,भूसी,भूसी
3785,haliyaa,हलिया,हलिया
3786,utpeedan,उत्पीदन,उत्पीडऩ
3787,pope,पोपे,पोप
3788,karkhele,करखेले,करखेले
3789,bahulya,बहुल्या,बाहुल्य
3790,aswbhavik,अस्वाभिवक,अस्वभाविक
3791,kathhnaeeyon,कठनाइयों,कठनाईयों
3792,ramjeelaal,रामजीलाल,रामजीलाल
3793,vasulta,वसुलता,वसूलता
3794,mukhyamantri,मुख्यमंत्री,मुख्यमंत्री
3795,maria,मारिया,मारिया
3796,satmev,सतमेव,सत्मेव
3797,baksa,बकसा,बक्सा
3798,udar,उदर,उदर
3799,man,मान,मैन
3800,buddhijivon,बुद्धिजीवों,बुद्धिजीवों
3801,sudip,सूदिप,सुदीप
3802,jodo,जोडो,जोड़ो
3803,tasdeek,तसदीक,तसदीक
3804,nikaalni,निकालनी,निकालनी
3805,bhatkaanaa,भटकाना,भटकाना
3806,harna,हरना,हारना
3807,dillon,दिल्लों,डिल्लों
3808,registerd,रजजस्टर्ड,रजिस्टर्ड
3809,bhandara,भंडारा,भंडारा
3810,lalaniya,ललानिया,ललानिया
3811,lima,लिमा,लिमा
3812,lalkrishna,लालकृष्णा,लालकृष्ण
3813,ratnabhooshan,रत्नाभूषण,रत्नाभूषण
3814,sparivar,स्पेरीवर,सपरिवार
3815,sah,साह,साह
3816,sametti,समेट्टी,समेटती
3817,pyria,पायरिया,पाइरिया
3818,maamalonmen,मामालोंमें,मामलोंमें
3819,braat,ब्रात,बरात
3820,vaiisan,वाइसन,वैइसन
3821,villa,विल्ला,विला
3822,linda,लिंडा,लिंडा
3823,khariya,खरिया,खरिया
3824,chellani,चेल्लानी,चेलानी
3825,electronics,इलेक्ट्रानिक्स,इलेक्ट्रॉनिक्स
3826,rishiraj,ऋषिराज,ऋषिराज
3827,udaipur,उदैपुर,उदयपुर
3828,pagla,पगला,पगला
3829,ritukaant,रितुकांत,ऋतुकांत
3830,kurmi,कुरमी,कुर्मी
3831,dastaanaa,दस्ताना,दस्ताना
3832,emrald,इमरल्ड,एमरल्ड
3833,ghumaaee,घुमाई,घुमाई
3834,updraviyon,उपद्रवियों,उपद्रवियों
3835,oklahoma,कुलबहोमा,ओक्लाहोमा
3836,dharmaraajne,धर्मराजने,धर्मराजने
3837,jhaohuee,झाहुई,झाओहुई
3838,uppidan,उप्पिदन,उप्पीड़न
3839,khemik,खेमिक,खेमिक
